SpecCode,Species,autoctr,StockCode,MaturityRefNo,Sex,AgeMatMin,AgeMatMin2,AgeMatRef,tm,Number,r2,SE_tm,SD_tm,LCL_tm,UCL_tm,LengthMatMin,LengthMatMin2,Type1,LengthMatRef,Lm,SE_Lm,SD_Lm,LCL_Lm,UCL_Lm,Locality,C_Code,E_CODE,Comment,Entered,DateEntered,Modified,DateModified,Expert,DateChecked,TS
5687,Abudefduf septemfasciatus,NA,NA,NA,NA,NA,NA,NA,NA,NA,NA,NA,NA,NA,NA,NA,NA,NA,NA,NA,NA,NA,NA,NA,NA,NA,NA,NA,NA,NA,NA,NA,NA,NA,NA
5688,Abudefduf sexfasciatus,NA,NA,NA,NA,NA,NA,NA,NA,NA,NA,NA,NA,NA,NA,NA,NA,NA,NA,NA,NA,NA,NA,NA,NA,NA,NA,NA,NA,NA,NA,NA,NA,NA,NA
5689,Abudefduf sordidus,NA,NA,NA,NA,NA,NA,NA,NA,NA,NA,NA,NA,NA,NA,NA,NA,NA,NA,NA,NA,NA,NA,NA,NA,NA,NA,NA,NA,NA,NA,NA,NA,NA,NA
4306,Acanthurus achilles,NA,NA,NA,NA,NA,NA,NA,NA,NA,NA,NA,NA,NA,NA,NA,NA,NA,NA,NA,NA,NA,NA,NA,NA,NA,NA,NA,NA,NA,NA,NA,NA,NA,NA
1255,Acanthurus mata,NA,NA,NA,NA,NA,NA,NA,NA,NA,NA,NA,NA,NA,NA,NA,NA,NA,NA,NA,NA,NA,NA,NA,NA,NA,NA,NA,NA,NA,NA,NA,NA,NA,NA
4750,Acanthurus blochii,NA,NA,NA,NA,NA,NA,NA,NA,NA,NA,NA,NA,NA,NA,NA,NA,NA,NA,NA,NA,NA,NA,NA,NA,NA,NA,NA,NA,NA,NA,NA,NA,NA,NA
4736,Acanthurus guttatus,NA,NA,NA,NA,NA,NA,NA,NA,NA,NA,NA,NA,NA,NA,NA,NA,NA,NA,NA,NA,NA,NA,NA,NA,NA,NA,NA,NA,NA,NA,NA,NA,NA,NA
1258,Acanthurus lineatus,3268,1275,27543,mixed,NA,NA,27543,4,NA,NA,NA,NA,NA,NA,NA,NA,FL,27543,18,NA,NA,NA,NA,Tutuila Island,016,NA,NA,3,2001-02-22T00:00:00Z,NA,2022-02-01T00:00:00Z,NA,NA,NA
6011,Acanthurus nigricans,NA,NA,NA,NA,NA,NA,NA,NA,NA,NA,NA,NA,NA,NA,NA,NA,NA,NA,NA,NA,NA,NA,NA,NA,NA,NA,NA,NA,NA,NA,NA,NA,NA,NA
4747,Acanthurus nigricauda,NA,NA,NA,NA,NA,NA,NA,NA,NA,NA,NA,NA,NA,NA,NA,NA,NA,NA,NA,NA,NA,NA,NA,NA,NA,NA,NA,NA,NA,NA,NA,NA,NA,NA
4739,Acanthurus nigrofuscus,2344,4963,12201,unsexed,NA,NA,12201,2,NA,NA,NA,NA,NA,NA,13,14,FL,12201,NA,NA,NA,NA,NA,"Grub and Centipede reefs, N. Queensland, 1992/93",036,NA,NA,3,1998-11-02T00:00:00Z,NA,1998-11-02T00:00:00Z,NA,NA,NA
4739,Acanthurus nigrofuscus,2345,4963,12201,unsexed,NA,NA,12201,2,NA,NA,NA,NA,NA,NA,10,11,FL,12201,NA,NA,NA,NA,NA,"Yankee, Bowl, Dip and Coil reefs, 1992/93",036,NA,NA,3,1996-11-10T00:00:00Z,NA,1998-11-02T00:00:00Z,NA,NA,NA
NA,NA,NA,NA,NA,NA,NA,NA,NA,NA,NA,NA,NA,NA,NA,NA,NA,NA,NA,NA,NA,NA,NA,NA,NA,NA,NA,NA,NA,NA,NA,NA,NA,NA,NA,NA
4744,Acanthurus olivaceus,NA,NA,NA,NA,NA,NA,NA,NA,NA,NA,NA,NA,NA,NA,NA,NA,NA,NA,NA,NA,NA,NA,NA,NA,NA,NA,NA,NA,NA,NA,NA,NA,NA,NA
4742,Acanthurus pyroferus,NA,NA,NA,NA,NA,NA,NA,NA,NA,NA,NA,NA,NA,NA,NA,NA,NA,NA,NA,NA,NA,NA,NA,NA,NA,NA,NA,NA,NA,NA,NA,NA,NA,NA
4734,Acanthurus thompsoni,NA,NA,NA,NA,NA,NA,NA,NA,NA,NA,NA,NA,NA,NA,NA,NA,NA,NA,NA,NA,NA,NA,NA,NA,NA,NA,NA,NA,NA,NA,NA,NA,NA,NA
1260,Acanthurus triostegus,8650,1277,240,unsexed,1,2,717,NA,NA,NA,NA,NA,NA,NA,NA,NA,NA,NA,10,NA,NA,NA,NA,to be filled,840B,NA,NA,2,2015-04-23T00:00:00Z,NA,2015-04-23T00:00:00Z,NA,NA,NA
1260,Acanthurus triostegus,4179,1277,48600,unsexed,NA,NA,NA,NA,NA,NA,NA,NA,NA,NA,NA,NA,TL,48600,7.5,NA,NA,NA,NA,"Lakshadweep lagoons, 1993-97",356,NA,NA,3,2003-09-24T00:00:00Z,NA,2003-09-24T00:00:00Z,NA,NA,NA
1250,Aetobatus narinari,1344,1266,6871,unsexed,4,6,NA,NA,NA,NA,NA,NA,NA,NA,NA,NA,NA,NA,NA,NA,NA,NA,NA,Not stated.,NA,NA,NA,113,1998-10-10T00:00:00Z,NA,1998-10-10T00:00:00Z,NA,NA,NA
1250,Aetobatus narinari,6494,1266,58048,male,NA,NA,NA,NA,NA,NA,NA,NA,NA,NA,110,120,WD,NA,NA,NA,NA,NA,NA,not specified,360,NA,NA,1790,2008-02-15T21:55:44Z,NA,2008-02-15T21:55:44Z,NA,NA,NA
1250,Aetobatus narinari,6360,1266,74367,male,NA,NA,NA,NA,NA,NA,NA,NA,NA,NA,NA,NA,WD,NA,99.8,NA,NA,NA,NA,eastern Indonesia,360,NA,NA,1790,2008-02-13T20:07:41Z,NA,2008-02-13T20:07:41Z,NA,NA,NA
4275,Aluterus scriptus,NA,NA,NA,NA,NA,NA,NA,NA,NA,NA,NA,NA,NA,NA,NA,NA,NA,NA,NA,NA,NA,NA,NA,NA,NA,NA,NA,NA,NA,NA,NA,NA,NA,NA
6672,Amanses scopas,NA,NA,NA,NA,NA,NA,NA,NA,NA,NA,NA,NA,NA,NA,NA,NA,NA,NA,NA,NA,NA,NA,NA,NA,NA,NA,NA,NA,NA,NA,NA,NA,NA,NA
7229,Amblyeleotris fasciata,NA,NA,NA,NA,NA,NA,NA,NA,NA,NA,NA,NA,NA,NA,NA,NA,NA,NA,NA,NA,NA,NA,NA,NA,NA,NA,NA,NA,NA,NA,NA,NA,NA,NA
7243,Amblygobius nocturnus,NA,NA,NA,NA,NA,NA,NA,NA,NA,NA,NA,NA,NA,NA,NA,NA,NA,NA,NA,NA,NA,NA,NA,NA,NA,NA,NA,NA,NA,NA,NA,NA,NA,NA
7198,Amblygobius phalaena,NA,NA,NA,NA,NA,NA,NA,NA,NA,NA,NA,NA,NA,NA,NA,NA,NA,NA,NA,NA,NA,NA,NA,NA,NA,NA,NA,NA,NA,NA,NA,NA,NA,NA
4551,Amphiprion chrysopterus,2256,4736,237,female,NA,NA,NA,NA,NA,NA,NA,NA,NA,NA,7,8,SL,NA,NA,NA,NA,NA,NA,Eniwetok Atoll,584,NA,NA,3,1991-09-27T00:00:00Z,NA,1994-09-30T00:00:00Z,NA,NA,NA
4551,Amphiprion chrysopterus,2257,4736,237,male,NA,NA,NA,NA,NA,NA,NA,NA,NA,NA,6,7,SL,NA,NA,NA,NA,NA,NA,Eniwetok Atoll,584,NA,NA,3,1991-09-27T00:00:00Z,NA,1994-09-30T00:00:00Z,NA,NA,NA
4888,Anampses caeruleopunctatus,NA,NA,NA,NA,NA,NA,NA,NA,NA,NA,NA,NA,NA,NA,NA,NA,NA,NA,NA,NA,NA,NA,NA,NA,NA,NA,NA,NA,NA,NA,NA,NA,NA,NA
5622,Anampses melanurus,NA,NA,NA,NA,NA,NA,NA,NA,NA,NA,NA,NA,NA,NA,NA,NA,NA,NA,NA,NA,NA,NA,NA,NA,NA,NA,NA,NA,NA,NA,NA,NA,NA,NA
4889,Anampses meleagrides,NA,NA,NA,NA,NA,NA,NA,NA,NA,NA,NA,NA,NA,NA,NA,NA,NA,NA,NA,NA,NA,NA,NA,NA,NA,NA,NA,NA,NA,NA,NA,NA,NA,NA
4893,Anampses twistii,NA,NA,NA,NA,NA,NA,NA,NA,NA,NA,NA,NA,NA,NA,NA,NA,NA,NA,NA,NA,NA,NA,NA,NA,NA,NA,NA,NA,NA,NA,NA,NA,NA,NA
81,Aphareus furca,NA,NA,NA,NA,NA,NA,NA,NA,NA,NA,NA,NA,NA,NA,NA,NA,NA,NA,NA,NA,NA,NA,NA,NA,NA,NA,NA,NA,NA,NA,NA,NA,NA,NA
84,Aprion virescens,242,99,6089,female,4,5,37816,NA,NA,NA,NA,NA,NA,NA,42.9,50,FL,6089,44.9,NA,NA,NA,NA,1984-86,840B,NA,NA,3,1993-09-12T00:00:00Z,2,2001-12-13T00:00:00Z,NA,NA,NA
84,Aprion virescens,243,99,7194,unsexed,NA,NA,NA,NA,NA,NA,NA,NA,NA,NA,48.7,NA,FL,7194,63,NA,NA,NA,NA,Seychelles,690,NA,50 % of fish mature at 62-64 cm FL.,3,1994-07-02T00:00:00Z,NA,1994-10-01T00:00:00Z,NA,NA,NA
84,Aprion virescens,3520,99,37816,female,4,5,NA,NA,NA,NA,NA,NA,NA,NA,42,48,FL,NA,NA,NA,NA,NA,NA,Hawaii,840B,NA,No specific area.,309,2001-11-13T00:00:00Z,NA,2001-11-13T00:00:00Z,NA,NA,NA
5425,Arothron hispidus,NA,NA,NA,NA,NA,NA,NA,NA,NA,NA,NA,NA,NA,NA,NA,NA,NA,NA,NA,NA,NA,NA,NA,NA,NA,NA,NA,NA,NA,NA,NA,NA,NA,NA
6401,Arothron meleagris,NA,NA,NA,NA,NA,NA,NA,NA,NA,NA,NA,NA,NA,NA,NA,NA,NA,NA,NA,NA,NA,NA,NA,NA,NA,NA,NA,NA,NA,NA,NA,NA,NA,NA
6526,Arothron stellatus,NA,NA,NA,NA,NA,NA,NA,NA,NA,NA,NA,NA,NA,NA,NA,NA,NA,NA,NA,NA,NA,NA,NA,NA,NA,NA,NA,NA,NA,NA,NA,NA,NA,NA
6065,Aspidontus dussumieri,NA,NA,NA,NA,NA,NA,NA,NA,NA,NA,NA,NA,NA,NA,NA,NA,NA,NA,NA,NA,NA,NA,NA,NA,NA,NA,NA,NA,NA,NA,NA,NA,NA,NA
6066,Aspidontus taeniatus,NA,NA,NA,NA,NA,NA,NA,NA,NA,NA,NA,NA,NA,NA,NA,NA,NA,NA,NA,NA,NA,NA,NA,NA,NA,NA,NA,NA,NA,NA,NA,NA,NA,NA
7247,Asterropteryx ensifera,NA,NA,NA,NA,NA,NA,NA,NA,NA,NA,NA,NA,NA,NA,NA,NA,NA,NA,NA,NA,NA,NA,NA,NA,NA,NA,NA,NA,NA,NA,NA,NA,NA,NA
7200,Asterropteryx semipunctata,NA,NA,NA,NA,NA,NA,NA,NA,NA,NA,NA,NA,NA,NA,NA,NA,NA,NA,NA,NA,NA,NA,NA,NA,NA,NA,NA,NA,NA,NA,NA,NA,NA,NA
58618,Asterropteryx striata,NA,NA,NA,NA,NA,NA,NA,NA,NA,NA,NA,NA,NA,NA,NA,NA,NA,NA,NA,NA,NA,NA,NA,NA,NA,NA,NA,NA,NA,NA,NA,NA,NA,NA
17462,Atrosalarias fuscus,NA,NA,NA,NA,NA,NA,NA,NA,NA,NA,NA,NA,NA,NA,NA,NA,NA,NA,NA,NA,NA,NA,NA,NA,NA,NA,NA,NA,NA,NA,NA,NA,NA,NA
7559,Atrosalarias holomelas,NA,NA,NA,NA,NA,NA,NA,NA,NA,NA,NA,NA,NA,NA,NA,NA,NA,NA,NA,NA,NA,NA,NA,NA,NA,NA,NA,NA,NA,NA,NA,NA,NA,NA
1309,Aulostomus chinensis,NA,NA,NA,NA,NA,NA,NA,NA,NA,NA,NA,NA,NA,NA,NA,NA,NA,NA,NA,NA,NA,NA,NA,NA,NA,NA,NA,NA,NA,NA,NA,NA,NA,NA
6026,Balistoides viridescens,NA,NA,NA,NA,NA,NA,NA,NA,NA,NA,NA,NA,NA,NA,NA,NA,NA,NA,NA,NA,NA,NA,NA,NA,NA,NA,NA,NA,NA,NA,NA,NA,NA,NA
27183,Blenniella paula,NA,NA,NA,NA,NA,NA,NA,NA,NA,NA,NA,NA,NA,NA,NA,NA,NA,NA,NA,NA,NA,NA,NA,NA,NA,NA,NA,NA,NA,NA,NA,NA,NA,NA
5498,Bodianus axillaris,NA,NA,NA,NA,NA,NA,NA,NA,NA,NA,NA,NA,NA,NA,NA,NA,NA,NA,NA,NA,NA,NA,NA,NA,NA,NA,NA,NA,NA,NA,NA,NA,NA,NA
7641,Bothus mancus,NA,NA,NA,NA,NA,NA,NA,NA,NA,NA,NA,NA,NA,NA,NA,NA,NA,NA,NA,NA,NA,NA,NA,NA,NA,NA,NA,NA,NA,NA,NA,NA,NA,NA
7282,Bryaninops tigris,NA,NA,NA,NA,NA,NA,NA,NA,NA,NA,NA,NA,NA,NA,NA,NA,NA,NA,NA,NA,NA,NA,NA,NA,NA,NA,NA,NA,NA,NA,NA,NA,NA,NA
225,Callionymus filamentosus,NA,NA,NA,NA,NA,NA,NA,NA,NA,NA,NA,NA,NA,NA,NA,NA,NA,NA,NA,NA,NA,NA,NA,NA,NA,NA,NA,NA,NA,NA,NA,NA,NA,NA
4355,Calotomus carolinus,NA,NA,NA,NA,NA,NA,NA,NA,NA,NA,NA,NA,NA,NA,NA,NA,NA,NA,NA,NA,NA,NA,NA,NA,NA,NA,NA,NA,NA,NA,NA,NA,NA,NA
5836,Cantherhines dumerilii,NA,NA,NA,NA,NA,NA,NA,NA,NA,NA,NA,NA,NA,NA,NA,NA,NA,NA,NA,NA,NA,NA,NA,NA,NA,NA,NA,NA,NA,NA,NA,NA,NA,NA
6635,Cantherhines pardalis,NA,NA,NA,NA,NA,NA,NA,NA,NA,NA,NA,NA,NA,NA,NA,NA,NA,NA,NA,NA,NA,NA,NA,NA,NA,NA,NA,NA,NA,NA,NA,NA,NA,NA
7835,Cantherhines sandwichiensis,NA,NA,NA,NA,NA,NA,NA,NA,NA,NA,NA,NA,NA,NA,NA,NA,NA,NA,NA,NA,NA,NA,NA,NA,NA,NA,NA,NA,NA,NA,NA,NA,NA,NA
4278,Canthidermis maculata,NA,NA,NA,NA,NA,NA,NA,NA,NA,NA,NA,NA,NA,NA,NA,NA,NA,NA,NA,NA,NA,NA,NA,NA,NA,NA,NA,NA,NA,NA,NA,NA,NA,NA
7840,Canthigaster amboinensis,NA,NA,NA,NA,NA,NA,NA,NA,NA,NA,NA,NA,NA,NA,NA,NA,NA,NA,NA,NA,NA,NA,NA,NA,NA,NA,NA,NA,NA,NA,NA,NA,NA,NA
6541,Canthigaster bennetti,NA,NA,NA,NA,NA,NA,NA,NA,NA,NA,NA,NA,NA,NA,NA,NA,NA,NA,NA,NA,NA,NA,NA,NA,NA,NA,NA,NA,NA,NA,NA,NA,NA,NA
6543,Canthigaster janthinoptera,NA,NA,NA,NA,NA,NA,NA,NA,NA,NA,NA,NA,NA,NA,NA,NA,NA,NA,NA,NA,NA,NA,NA,NA,NA,NA,NA,NA,NA,NA,NA,NA,NA,NA
6578,Canthigaster solandri,NA,NA,NA,NA,NA,NA,NA,NA,NA,NA,NA,NA,NA,NA,NA,NA,NA,NA,NA,NA,NA,NA,NA,NA,NA,NA,NA,NA,NA,NA,NA,NA,NA,NA
6544,Canthigaster valentini,3427,6866,35298,female,NA,NA,NA,NA,NA,NA,NA,NA,NA,NA,3.8,5.4,SL,35298,NA,NA,NA,NA,NA,"Lizard Island, northern Great Barrier Reef",036,NA,NA,3,2001-09-07T00:00:00Z,NA,2001-09-07T00:00:00Z,NA,NA,NA
6544,Canthigaster valentini,3429,6866,35298,male,NA,NA,NA,NA,NA,NA,NA,NA,NA,NA,5,5.6,SL,35298,NA,NA,NA,NA,NA,"Lizard Island, northern Great Barrier Reef",036,NA,NA,3,2001-09-07T00:00:00Z,NA,2001-09-07T00:00:00Z,NA,NA,NA
7873,Caracanthus maculatus,NA,NA,NA,NA,NA,NA,NA,NA,NA,NA,NA,NA,NA,NA,NA,NA,NA,NA,NA,NA,NA,NA,NA,NA,NA,NA,NA,NA,NA,NA,NA,NA,NA,NA
12899,Caracanthus unipinna,NA,NA,NA,NA,NA,NA,NA,NA,NA,NA,NA,NA,NA,NA,NA,NA,NA,NA,NA,NA,NA,NA,NA,NA,NA,NA,NA,NA,NA,NA,NA,NA,NA,NA
1921,Carangoides ferdau,NA,NA,NA,NA,NA,NA,NA,NA,NA,NA,NA,NA,NA,NA,NA,NA,NA,NA,NA,NA,NA,NA,NA,NA,NA,NA,NA,NA,NA,NA,NA,NA,NA,NA
1909,Carangoides orthogrammus,NA,NA,NA,NA,NA,NA,NA,NA,NA,NA,NA,NA,NA,NA,NA,NA,NA,NA,NA,NA,NA,NA,NA,NA,NA,NA,NA,NA,NA,NA,NA,NA,NA,NA
1936,Caranx lugubris,1749,2132,26409,female,NA,NA,NA,NA,NA,NA,NA,NA,NA,NA,38,NA,FL,26415,NA,NA,NA,NA,NA,Not specified.,388,NA,NA,3,1998-04-22T00:00:00Z,NA,1998-04-22T00:00:00Z,NA,NA,NA
1936,Caranx lugubris,1750,2132,26409,male,NA,NA,NA,NA,NA,NA,NA,NA,NA,NA,35,NA,FL,26415,NA,NA,NA,NA,NA,Not specified.,388,NA,NA,3,1998-04-22T00:00:00Z,NA,1998-04-22T00:00:00Z,NA,NA,NA
1906,Caranx melampygus,1729,2102,6057,female,NA,NA,6057,2,NA,NA,NA,NA,NA,NA,NA,NA,SL,6057,35,NA,NA,NA,NA,Northwestern Islands,840B,NA,NA,3,1993-09-05T00:00:00Z,NA,1993-09-05T00:00:00Z,NA,NA,NA
861,Carcharhinus amblyrhynchos,1087,877,244,female,NA,NA,NA,NA,NA,NA,NA,NA,NA,NA,122,137,TL,NA,NA,NA,NA,NA,NA,Indo-West Pacific,NA,NA,<i>C. wheeleri</i> 120 TL.,2,1994-03-30T00:00:00Z,14,1999-07-06T00:00:00Z,NA,NA,NA
861,Carcharhinus amblyrhynchos,1088,877,244,male,NA,NA,NA,NA,NA,NA,NA,NA,NA,NA,130,145,TL,NA,NA,NA,NA,NA,NA,Indo-West Pacific,NA,NA,<i>C. wheeleri</i> 110-130 TL.,2,1994-03-30T00:00:00Z,14,1999-07-06T00:00:00Z,NA,NA,NA
861,Carcharhinus amblyrhynchos,3324,877,37816,unsexed,NA,7,NA,NA,NA,NA,NA,NA,NA,NA,130,140,SL,NA,NA,NA,NA,NA,NA,not specified.,583,NA,NA,309,2001-04-26T00:00:00Z,NA,2001-04-26T00:00:00Z,NA,NA,NA
861,Carcharhinus amblyrhynchos,5098,877,56138,female,NA,NA,NA,NA,NA,NA,NA,NA,NA,NA,NA,NA,TL,56138,135,NA,NA,NA,NA,Eastern Indian Ocean,NA,NA,NA,2,2006-02-03T00:00:00Z,NA,2006-02-03T00:00:00Z,NA,NA,NA
861,Carcharhinus amblyrhynchos,5099,877,56138,female,NA,NA,NA,NA,NA,NA,NA,NA,NA,NA,122,125,TL,56138,NA,NA,NA,NA,NA,Northern Indian Ocean,NA,NA,NA,2,2006-02-03T00:00:00Z,NA,2006-02-03T00:00:00Z,NA,NA,NA
861,Carcharhinus amblyrhynchos,5096,877,56138,female,NA,NA,NA,NA,NA,NA,NA,NA,NA,NA,NA,NA,TL,56138,125,NA,NA,NA,NA,not stated,840B,NA,NA,2,2006-02-03T00:00:00Z,NA,2006-02-03T00:00:00Z,NA,NA,NA
861,Carcharhinus amblyrhynchos,5094,877,56138,female,NA,NA,56138,7,NA,NA,NA,NA,NA,NA,NA,NA,TL,56138,137,NA,NA,NA,NA,to be filled,840B,NA,NA,2,2006-02-03T00:00:00Z,NA,2006-02-03T00:00:00Z,NA,NA,NA
861,Carcharhinus amblyrhynchos,5100,877,56138,male,NA,NA,NA,NA,NA,NA,NA,NA,NA,NA,112,140,TL,56138,NA,NA,NA,NA,NA,Northern Indian Ocean,NA,NA,NA,2,2006-02-03T00:00:00Z,NA,2006-02-03T00:00:00Z,NA,NA,NA
861,Carcharhinus amblyrhynchos,5097,877,56138,male,NA,NA,NA,NA,NA,NA,NA,NA,NA,NA,120,140,TL,56138,NA,NA,NA,NA,NA,not stated,840B,NA,NA,2,2006-02-03T00:00:00Z,NA,2006-02-03T00:00:00Z,NA,NA,NA
861,Carcharhinus amblyrhynchos,5095,877,56138,male,NA,NA,NA,NA,NA,NA,NA,NA,NA,NA,130,135,TL,56138,NA,NA,NA,NA,NA,to be filled,840B,NA,NA,2,2006-02-03T00:00:00Z,NA,2006-02-03T00:00:00Z,NA,NA,NA
861,Carcharhinus amblyrhynchos,6406,877,58048,male,NA,NA,NA,NA,NA,NA,NA,NA,NA,NA,130,140,TL,NA,NA,NA,NA,NA,NA,not specified,360,NA,NA,1790,2008-02-13T23:18:03Z,NA,2008-02-13T23:18:03Z,NA,NA,NA
861,Carcharhinus amblyrhynchos,6407,877,58048,unsexed,NA,NA,NA,NA,NA,NA,NA,NA,NA,NA,125,135,TL,NA,NA,NA,NA,NA,NA,not specified,360,NA,NA,1790,2008-02-13T23:18:25Z,NA,2008-02-13T23:18:25Z,NA,NA,NA
877,Carcharhinus melanopterus,1140,893,244,female,NA,NA,NA,NA,NA,NA,NA,NA,NA,NA,96,112,TL,NA,NA,NA,NA,NA,NA,Indo-West Pacific,NA,NA,NA,2,1994-04-05T00:00:00Z,NA,2001-04-21T00:00:00Z,NA,NA,NA
877,Carcharhinus melanopterus,1141,893,244,male,NA,NA,NA,NA,NA,NA,NA,NA,NA,NA,91,100,TL,NA,NA,NA,NA,NA,NA,Indo-West Pacific,NA,NA,NA,2,1994-04-05T00:00:00Z,NA,1994-04-05T00:00:00Z,NA,NA,NA
877,Carcharhinus melanopterus,1142,893,7205,female,NA,NA,NA,NA,NA,NA,NA,NA,NA,NA,91,97,TL,7205,NA,NA,NA,NA,NA,Northern waters,036,NA,NA,3,1994-07-03T00:00:00Z,NA,1994-07-03T00:00:00Z,NA,NA,NA
877,Carcharhinus melanopterus,1143,893,7205,male,NA,NA,NA,NA,NA,NA,NA,NA,NA,NA,NA,95,TL,7205,NA,NA,NA,NA,NA,Northern waters,036,NA,NA,3,1994-07-03T00:00:00Z,NA,1994-07-03T00:00:00Z,NA,NA,NA
877,Carcharhinus melanopterus,3332,893,37816,unsexed,NA,NA,NA,NA,NA,NA,NA,NA,NA,NA,95,110,TL,NA,NA,NA,NA,NA,NA,not specified.,583,NA,NA,309,2001-05-02T00:00:00Z,NA,2001-05-02T00:00:00Z,NA,NA,NA
877,Carcharhinus melanopterus,6424,893,58048,female,NA,NA,NA,NA,NA,NA,NA,NA,NA,NA,96,120,TL,NA,NA,NA,NA,NA,NA,not specified,360,NA,NA,1790,2008-02-14T00:01:58Z,NA,2008-02-14T00:01:58Z,NA,NA,NA
877,Carcharhinus melanopterus,6423,893,58048,male,NA,NA,NA,NA,NA,NA,NA,NA,NA,NA,98,113,TL,NA,NA,NA,NA,NA,NA,not specified,360,NA,NA,1790,2008-02-14T00:01:34Z,NA,2008-02-14T00:01:34Z,NA,NA,NA
5458,Centropyge bispinosa,NA,NA,NA,NA,NA,NA,NA,NA,NA,NA,NA,NA,NA,NA,NA,NA,NA,NA,NA,NA,NA,NA,NA,NA,NA,NA,NA,NA,NA,NA,NA,NA,NA,NA
7813,Centropyge fisheri,NA,NA,NA,NA,NA,NA,NA,NA,NA,NA,NA,NA,NA,NA,NA,NA,NA,NA,NA,NA,NA,NA,NA,NA,NA,NA,NA,NA,NA,NA,NA,NA,NA,NA
5457,Centropyge flavissima,NA,NA,NA,NA,NA,NA,NA,NA,NA,NA,NA,NA,NA,NA,NA,NA,NA,NA,NA,NA,NA,NA,NA,NA,NA,NA,NA,NA,NA,NA,NA,NA,NA,NA
5665,Centropyge heraldi,NA,NA,NA,NA,NA,NA,NA,NA,NA,NA,NA,NA,NA,NA,NA,NA,NA,NA,NA,NA,NA,NA,NA,NA,NA,NA,NA,NA,NA,NA,NA,NA,NA,NA
7814,Centropyge loriculus,NA,NA,NA,NA,NA,NA,NA,NA,NA,NA,NA,NA,NA,NA,NA,NA,NA,NA,NA,NA,NA,NA,NA,NA,NA,NA,NA,NA,NA,NA,NA,NA,NA,NA
5666,Paracentropyge multifasciata,NA,NA,NA,NA,NA,NA,NA,NA,NA,NA,NA,NA,NA,NA,NA,NA,NA,NA,NA,NA,NA,NA,NA,NA,NA,NA,NA,NA,NA,NA,NA,NA,NA,NA
6396,Cephalopholis argus,5979,6717,34166,unsexed,NA,NA,NA,NA,NA,NA,NA,NA,NA,NA,52,NA,TL,34166,NA,NA,NA,NA,NA,Asia-Pacific Region,NA,NA,NA,393,2007-12-21T00:00:00Z,NA,2007-12-21T00:00:00Z,NA,NA,NA
6396,Cephalopholis argus,3458,6717,37816,female,NA,NA,NA,NA,NA,NA,NA,NA,NA,NA,22,NA,SL,NA,NA,NA,NA,NA,NA,Off east Africa.,NA,NA,No country specified.,309,2001-10-22T00:00:00Z,NA,2001-10-22T00:00:00Z,NA,NA,NA
6453,Cephalopholis sexmaculata,NA,NA,NA,NA,NA,NA,NA,NA,NA,NA,NA,NA,NA,NA,NA,NA,NA,NA,NA,NA,NA,NA,NA,NA,NA,NA,NA,NA,NA,NA,NA,NA,NA,NA
6456,Cephalopholis urodeta,5985,6778,34166,unsexed,NA,NA,NA,NA,NA,NA,NA,NA,NA,NA,17,NA,TL,34166,NA,NA,NA,NA,NA,Asia-Pacific Region,NA,NA,NA,393,2007-12-21T00:00:00Z,NA,2007-12-21T00:00:00Z,NA,NA,NA
66097,Cetoscarus ocellatus,NA,NA,NA,NA,NA,NA,NA,NA,NA,NA,NA,NA,NA,NA,NA,NA,NA,NA,NA,NA,NA,NA,NA,NA,NA,NA,NA,NA,NA,NA,NA,NA,NA,NA
5557,Chaetodon auriga,4182,5847,48600,unsexed,NA,NA,NA,NA,NA,NA,NA,NA,NA,NA,NA,NA,TL,48600,13,NA,NA,NA,NA,"Lakshadweep lagoons, 1993-97",356,NA,NA,3,2003-09-24T00:00:00Z,NA,2003-09-24T00:00:00Z,NA,NA,NA
5559,Chaetodon bennetti,NA,NA,NA,NA,NA,NA,NA,NA,NA,NA,NA,NA,NA,NA,NA,NA,NA,NA,NA,NA,NA,NA,NA,NA,NA,NA,NA,NA,NA,NA,NA,NA,NA,NA
5561,Chaetodon citrinellus,NA,NA,NA,NA,NA,NA,NA,NA,NA,NA,NA,NA,NA,NA,NA,NA,NA,NA,NA,NA,NA,NA,NA,NA,NA,NA,NA,NA,NA,NA,NA,NA,NA,NA
5562,Chaetodon ephippium,NA,NA,NA,NA,NA,NA,NA,NA,NA,NA,NA,NA,NA,NA,NA,NA,NA,NA,NA,NA,NA,NA,NA,NA,NA,NA,NA,NA,NA,NA,NA,NA,NA,NA
5565,Chaetodon lunula,NA,NA,NA,NA,NA,NA,NA,NA,NA,NA,NA,NA,NA,NA,NA,NA,NA,NA,NA,NA,NA,NA,NA,NA,NA,NA,NA,NA,NA,NA,NA,NA,NA,NA
14300,Chaetodon lunulatus,NA,NA,NA,NA,NA,NA,NA,NA,NA,NA,NA,NA,NA,NA,NA,NA,NA,NA,NA,NA,NA,NA,NA,NA,NA,NA,NA,NA,NA,NA,NA,NA,NA,NA
5567,Chaetodon mertensii,NA,NA,NA,NA,NA,NA,NA,NA,NA,NA,NA,NA,NA,NA,NA,NA,NA,NA,NA,NA,NA,NA,NA,NA,NA,NA,NA,NA,NA,NA,NA,NA,NA,NA
6550,Chaetodon ornatissimus,NA,NA,NA,NA,NA,NA,NA,NA,NA,NA,NA,NA,NA,NA,NA,NA,NA,NA,NA,NA,NA,NA,NA,NA,NA,NA,NA,NA,NA,NA,NA,NA,NA,NA
6606,Chaetodon pelewensis,NA,NA,NA,NA,NA,NA,NA,NA,NA,NA,NA,NA,NA,NA,NA,NA,NA,NA,NA,NA,NA,NA,NA,NA,NA,NA,NA,NA,NA,NA,NA,NA,NA,NA
5572,Chaetodon quadrimaculatus,NA,NA,NA,NA,NA,NA,NA,NA,NA,NA,NA,NA,NA,NA,NA,NA,NA,NA,NA,NA,NA,NA,NA,NA,NA,NA,NA,NA,NA,NA,NA,NA,NA,NA
5574,Chaetodon reticulatus,NA,NA,NA,NA,NA,NA,NA,NA,NA,NA,NA,NA,NA,NA,NA,NA,NA,NA,NA,NA,NA,NA,NA,NA,NA,NA,NA,NA,NA,NA,NA,NA,NA,NA
12537,Chaetodon trichrous,NA,NA,NA,NA,NA,NA,NA,NA,NA,NA,NA,NA,NA,NA,NA,NA,NA,NA,NA,NA,NA,NA,NA,NA,NA,NA,NA,NA,NA,NA,NA,NA,NA,NA
5578,Chaetodon trifascialis,NA,NA,NA,NA,NA,NA,NA,NA,NA,NA,NA,NA,NA,NA,NA,NA,NA,NA,NA,NA,NA,NA,NA,NA,NA,NA,NA,NA,NA,NA,NA,NA,NA,NA
5580,Chaetodon ulietensis,NA,NA,NA,NA,NA,NA,NA,NA,NA,NA,NA,NA,NA,NA,NA,NA,NA,NA,NA,NA,NA,NA,NA,NA,NA,NA,NA,NA,NA,NA,NA,NA,NA,NA
5581,Chaetodon unimaculatus,NA,NA,NA,NA,NA,NA,NA,NA,NA,NA,NA,NA,NA,NA,NA,NA,NA,NA,NA,NA,NA,NA,NA,NA,NA,NA,NA,NA,NA,NA,NA,NA,NA,NA
5582,Chaetodon vagabundus,NA,NA,NA,NA,NA,NA,NA,NA,NA,NA,NA,NA,NA,NA,NA,NA,NA,NA,NA,NA,NA,NA,NA,NA,NA,NA,NA,NA,NA,NA,NA,NA,NA,NA
80,Chanos chanos,5702,95,137,mixed,3,4,137,NA,NA,NA,NA,NA,NA,NA,NA,NA,NA,NA,NA,NA,NA,NA,NA,"rearing ponds - Pangasinan, Zambales, Bohol, Davao del Sur (March-Dec 1985)",608,NA,NA,2,2007-04-23T00:00:00Z,NA,2007-04-23T00:00:00Z,NA,NA,NA
80,Chanos chanos,226,95,154,unsexed,NA,NA,NA,6,NA,NA,NA,NA,NA,NA,NA,NA,NA,NA,NA,NA,NA,NA,NA,Philippines,608,NA,NA,1,1991-05-31T00:00:00Z,NA,1994-09-30T00:00:00Z,NA,NA,NA
80,Chanos chanos,227,95,437,female,5,7,43081,NA,NA,NA,NA,NA,NA,NA,NA,NA,TL,NA,94,NA,NA,NA,NA,Philippines,608,NA,NA,2,1990-10-19T00:00:00Z,2,2002-08-22T00:00:00Z,NA,NA,NA
80,Chanos chanos,228,95,4886,female,NA,NA,NA,4.5,NA,NA,NA,NA,NA,NA,NA,NA,TL,NA,110,NA,NA,NA,NA,India,356,NA,wild,3,1992-11-22T00:00:00Z,NA,1994-09-30T00:00:00Z,NA,NA,NA
80,Chanos chanos,229,95,4886,female,NA,NA,NA,8.5,NA,NA,NA,NA,NA,NA,NA,NA,TL,NA,71.5,NA,NA,NA,NA,Indonesia,360,NA,NA,3,1992-11-22T00:00:00Z,NA,1994-10-01T00:00:00Z,NA,NA,NA
80,Chanos chanos,230,95,4886,female,5,9,NA,NA,NA,NA,NA,NA,NA,NA,68,70,TL,NA,NA,NA,NA,NA,NA,Taiwan,156A,NA,pond-reared,3,1992-11-22T00:00:00Z,NA,1994-10-01T00:00:00Z,NA,NA,NA
80,Chanos chanos,231,95,4886,male,NA,NA,NA,NA,NA,NA,NA,NA,NA,NA,NA,NA,TL,NA,65,NA,NA,NA,NA,Hawaii,840B,NA,pond-reared,3,1992-11-22T00:00:00Z,NA,1994-09-30T00:00:00Z,NA,NA,NA
80,Chanos chanos,232,95,4886,male,NA,NA,NA,NA,NA,NA,NA,NA,NA,NA,NA,NA,TL,NA,111,NA,NA,NA,NA,India,356,NA,wild,3,1992-11-22T00:00:00Z,NA,1994-09-30T00:00:00Z,NA,NA,NA
80,Chanos chanos,233,95,4886,male,NA,NA,NA,8.5,NA,NA,NA,NA,NA,NA,NA,NA,TL,NA,73,NA,NA,NA,NA,Indonesia,360,NA,tank-reared,3,1992-11-22T00:00:00Z,NA,1994-09-30T00:00:00Z,NA,NA,NA
80,Chanos chanos,234,95,4886,male,NA,NA,NA,4,NA,NA,NA,NA,NA,NA,NA,NA,TL,NA,70,NA,NA,NA,NA,Taiwan,156A,NA,tank-reared,3,1992-11-22T00:00:00Z,NA,1994-10-01T00:00:00Z,NA,NA,NA
80,Chanos chanos,235,95,4886,unsexed,NA,NA,NA,6.5,NA,NA,NA,NA,NA,NA,NA,NA,NA,NA,NA,NA,NA,NA,NA,(tank-reared),840B,NA,NA,3,1992-11-22T00:00:00Z,NA,1994-10-01T00:00:00Z,NA,NA,NA
80,Chanos chanos,236,95,4886,unsexed,NA,NA,NA,4,NA,NA,NA,NA,NA,NA,NA,NA,TL,NA,75,NA,NA,NA,NA,Hawaii,840B,NA,wild,3,1992-11-22T00:00:00Z,NA,1994-09-30T00:00:00Z,NA,NA,NA
80,Chanos chanos,237,95,4886,unsexed,NA,NA,NA,NA,NA,NA,NA,NA,NA,NA,NA,NA,TL,NA,82.5,NA,NA,NA,NA,Naujan Bay,608,NA,wild,3,1992-11-22T00:00:00Z,NA,1993-09-28T00:00:00Z,NA,NA,NA
80,Chanos chanos,238,95,4886,unsexed,NA,NA,NA,NA,NA,NA,NA,NA,NA,NA,NA,NA,TL,NA,80,NA,NA,NA,NA,Panay Is.,608,NA,wild,3,1992-11-22T00:00:00Z,NA,1994-10-01T00:00:00Z,NA,NA,NA
80,Chanos chanos,239,95,4886,unsexed,NA,NA,4886,4.5,NA,NA,NA,NA,NA,NA,NA,NA,TL,4886,65,NA,NA,NA,NA,Panay Island,608,NA,cage-reared,3,1992-11-22T00:00:00Z,2,2005-07-28T00:00:00Z,NA,NA,NA
80,Chanos chanos,5744,95,58350,unsexed,NA,NA,NA,NA,NA,NA,NA,NA,NA,NA,NA,NA,SL,58350,87,NA,NA,NA,NA,southern African estuaries,710,NA,NA,2,2007-05-30T00:00:00Z,NA,2007-05-30T00:00:00Z,NA,NA,NA
5598,Cheilinus chlorourus,NA,NA,NA,NA,NA,NA,NA,NA,NA,NA,NA,NA,NA,NA,NA,NA,NA,NA,NA,NA,NA,NA,NA,NA,NA,NA,NA,NA,NA,NA,NA,NA,NA,NA
5602,Cheilinus oxycephalus,NA,NA,NA,NA,NA,NA,NA,NA,NA,NA,NA,NA,NA,NA,NA,NA,NA,NA,NA,NA,NA,NA,NA,NA,NA,NA,NA,NA,NA,NA,NA,NA,NA,NA
5603,Cheilinus trilobatus,6062,5895,34166,unsexed,NA,NA,NA,NA,NA,NA,NA,NA,NA,NA,26,NA,TL,34166,NA,NA,NA,NA,NA,Asia-Pacific Region,NA,NA,NA,393,2007-12-31T00:00:00Z,NA,2007-12-31T00:00:00Z,NA,NA,NA
5604,Cheilinus undulatus,6063,5896,34166,unsexed,NA,NA,NA,NA,NA,NA,NA,NA,NA,NA,111,NA,TL,34166,NA,NA,NA,NA,NA,Asia-Pacific Region,NA,NA,NA,393,2007-12-31T00:00:00Z,NA,2007-12-31T00:00:00Z,NA,NA,NA
5604,Cheilinus undulatus,4343,5896,51676,female,NA,NA,NA,NA,NA,NA,NA,NA,NA,NA,52,NA,TL,51676,NA,NA,NA,NA,NA,not stated,NA,NA,NA,2,2004-07-15T00:00:00Z,NA,2004-07-15T00:00:00Z,NA,NA,NA
5604,Cheilinus undulatus,4344,5896,51676,male,NA,NA,NA,NA,NA,NA,NA,NA,NA,NA,59.5,NA,TL,51676,NA,NA,NA,NA,NA,not stated,NA,NA,NA,2,2004-07-15T00:00:00Z,NA,2004-07-15T00:00:00Z,NA,NA,NA
5604,Cheilinus undulatus,4345,5896,51676,unsexed,5,7,51685,NA,NA,NA,NA,NA,NA,NA,NA,NA,NA,NA,NA,NA,NA,NA,NA,Great Barrier Reef,036,NA,NA,2,2004-07-15T00:00:00Z,NA,2004-07-15T00:00:00Z,NA,NA,NA
5604,Cheilinus undulatus,4342,5896,51676,unsexed,NA,NA,NA,NA,NA,NA,NA,NA,NA,NA,35,NA,TL,51676,NA,NA,NA,NA,NA,not stated,585,NA,NA,2,2004-07-15T00:00:00Z,NA,2004-07-15T00:00:00Z,NA,NA,NA
5623,Cheilio inermis,NA,NA,NA,NA,NA,NA,NA,NA,NA,NA,NA,NA,NA,NA,NA,NA,NA,NA,NA,NA,NA,NA,NA,NA,NA,NA,NA,NA,NA,NA,NA,NA,NA,NA
5781,Cheilodipterus macrodon,NA,NA,NA,NA,NA,NA,NA,NA,NA,NA,NA,NA,NA,NA,NA,NA,NA,NA,NA,NA,NA,NA,NA,NA,NA,NA,NA,NA,NA,NA,NA,NA,NA,NA
5482,Cheilodipterus quinquelineatus,NA,NA,NA,NA,NA,NA,NA,NA,NA,NA,NA,NA,NA,NA,NA,NA,NA,NA,NA,NA,NA,NA,NA,NA,NA,NA,NA,NA,NA,NA,NA,NA,NA,NA
12966,Cypselurus simus,NA,NA,NA,NA,NA,NA,NA,NA,NA,NA,NA,NA,NA,NA,NA,NA,NA,NA,NA,NA,NA,NA,NA,NA,NA,NA,NA,NA,NA,NA,NA,NA,NA,NA
5547,Chlorurus frontalis,NA,NA,NA,NA,NA,NA,NA,NA,NA,NA,NA,NA,NA,NA,NA,NA,NA,NA,NA,NA,NA,NA,NA,NA,NA,NA,NA,NA,NA,NA,NA,NA,NA,NA
60479,Chlorurus microrhinos,NA,NA,NA,NA,NA,NA,NA,NA,NA,NA,NA,NA,NA,NA,NA,NA,NA,NA,NA,NA,NA,NA,NA,NA,NA,NA,NA,NA,NA,NA,NA,NA,NA,NA
5556,Chlorurus sordidus,4195,5846,48600,unsexed,NA,NA,NA,NA,NA,NA,NA,NA,NA,NA,NA,NA,TL,48600,15,NA,NA,NA,NA,"Lakshadweep lagoons, 1993-97",356,NA,NA,3,2003-09-24T00:00:00Z,NA,2003-09-24T00:00:00Z,NA,NA,NA
5668,Chromis acares,NA,NA,NA,NA,NA,NA,NA,NA,NA,NA,NA,NA,NA,NA,NA,NA,NA,NA,NA,NA,NA,NA,NA,NA,NA,NA,NA,NA,NA,NA,NA,NA,NA,NA
5669,Chromis agilis,NA,NA,NA,NA,NA,NA,NA,NA,NA,NA,NA,NA,NA,NA,NA,NA,NA,NA,NA,NA,NA,NA,NA,NA,NA,NA,NA,NA,NA,NA,NA,NA,NA,NA
5450,Chromis atripectoralis,NA,NA,NA,NA,NA,NA,NA,NA,NA,NA,NA,NA,NA,NA,NA,NA,NA,NA,NA,NA,NA,NA,NA,NA,NA,NA,NA,NA,NA,NA,NA,NA,NA,NA
8126,Chromis iomelas,NA,NA,NA,NA,NA,NA,NA,NA,NA,NA,NA,NA,NA,NA,NA,NA,NA,NA,NA,NA,NA,NA,NA,NA,NA,NA,NA,NA,NA,NA,NA,NA,NA,NA
5675,Chromis margaritifer,NA,NA,NA,NA,NA,NA,NA,NA,NA,NA,NA,NA,NA,NA,NA,NA,NA,NA,NA,NA,NA,NA,NA,NA,NA,NA,NA,NA,NA,NA,NA,NA,NA,NA
5678,Chromis vanderbilti,NA,NA,NA,NA,NA,NA,NA,NA,NA,NA,NA,NA,NA,NA,NA,NA,NA,NA,NA,NA,NA,NA,NA,NA,NA,NA,NA,NA,NA,NA,NA,NA,NA,NA
5679,Chromis viridis,4194,5972,48600,unsexed,NA,NA,NA,NA,NA,NA,NA,NA,NA,NA,NA,NA,TL,48600,5.8,NA,NA,NA,NA,"Lakshadweep lagoons, 1993-97",356,NA,Data probably applies to <i>Chromis viridis</i>.,3,2003-09-24T00:00:00Z,14,2013-04-29T00:00:00Z,NA,NA,NA
5682,Chromis xanthura,NA,NA,NA,NA,NA,NA,NA,NA,NA,NA,NA,NA,NA,NA,NA,NA,NA,NA,NA,NA,NA,NA,NA,NA,NA,NA,NA,NA,NA,NA,NA,NA,NA,NA
5697,Chrysiptera brownriggii,NA,NA,NA,NA,NA,NA,NA,NA,NA,NA,NA,NA,NA,NA,NA,NA,NA,NA,NA,NA,NA,NA,NA,NA,NA,NA,NA,NA,NA,NA,NA,NA,NA,NA
5696,Chrysiptera glauca,NA,NA,NA,NA,NA,NA,NA,NA,NA,NA,NA,NA,NA,NA,NA,NA,NA,NA,NA,NA,NA,NA,NA,NA,NA,NA,NA,NA,NA,NA,NA,NA,NA,NA
5614,Cirrhilabrus exquisitus,NA,NA,NA,NA,NA,NA,NA,NA,NA,NA,NA,NA,NA,NA,NA,NA,NA,NA,NA,NA,NA,NA,NA,NA,NA,NA,NA,NA,NA,NA,NA,NA,NA,NA
12728,Cirrhilabrus scottorum,NA,NA,NA,NA,NA,NA,NA,NA,NA,NA,NA,NA,NA,NA,NA,NA,NA,NA,NA,NA,NA,NA,NA,NA,NA,NA,NA,NA,NA,NA,NA,NA,NA,NA
5830,Cirrhitichthys oxycephalus,NA,NA,NA,NA,NA,NA,NA,NA,NA,NA,NA,NA,NA,NA,NA,NA,NA,NA,NA,NA,NA,NA,NA,NA,NA,NA,NA,NA,NA,NA,NA,NA,NA,NA
4404,Cirripectes variolosus,2181,4599,529,female,NA,NA,NA,NA,NA,NA,NA,NA,NA,NA,5.5,NA,SL,NA,NA,NA,NA,NA,NA,to be filled,NA,NA,Smallest mature female.,14,1991-08-05T00:00:00Z,NA,1994-09-28T00:00:00Z,NA,NA,NA
4404,Cirripectes variolosus,2182,4599,529,male,NA,NA,NA,NA,NA,NA,NA,NA,NA,NA,3.5,NA,SL,NA,NA,NA,NA,NA,NA,to be filled,NA,NA,NA,14,1991-08-05T00:00:00Z,NA,1994-09-28T00:00:00Z,NA,NA,NA
5624,Coris aygula,NA,NA,NA,NA,NA,NA,NA,NA,NA,NA,NA,NA,NA,NA,NA,NA,NA,NA,NA,NA,NA,NA,NA,NA,NA,NA,NA,NA,NA,NA,NA,NA,NA,NA
5625,Coris gaimard,NA,NA,NA,NA,NA,NA,NA,NA,NA,NA,NA,NA,NA,NA,NA,NA,NA,NA,NA,NA,NA,NA,NA,NA,NA,NA,NA,NA,NA,NA,NA,NA,NA,NA
5959,Corythoichthys flavofasciatus,NA,NA,NA,NA,NA,NA,NA,NA,NA,NA,NA,NA,NA,NA,NA,NA,NA,NA,NA,NA,NA,NA,NA,NA,NA,NA,NA,NA,NA,NA,NA,NA,NA,NA
6012,Ctenochaetus binotatus,NA,NA,NA,NA,NA,NA,NA,NA,NA,NA,NA,NA,NA,NA,NA,NA,NA,NA,NA,NA,NA,NA,NA,NA,NA,NA,NA,NA,NA,NA,NA,NA,NA,NA
59589,Ctenochaetus flavicauda,NA,NA,NA,NA,NA,NA,NA,NA,NA,NA,NA,NA,NA,NA,NA,NA,NA,NA,NA,NA,NA,NA,NA,NA,NA,NA,NA,NA,NA,NA,NA,NA,NA,NA
1262,Ctenochaetus striatus,NA,NA,NA,NA,NA,NA,NA,NA,NA,NA,NA,NA,NA,NA,NA,NA,NA,NA,NA,NA,NA,NA,NA,NA,NA,NA,NA,NA,NA,NA,NA,NA,NA,NA
7238,Ctenogobiops feroculus,NA,NA,NA,NA,NA,NA,NA,NA,NA,NA,NA,NA,NA,NA,NA,NA,NA,NA,NA,NA,NA,NA,NA,NA,NA,NA,NA,NA,NA,NA,NA,NA,NA,NA
5110,Dascyllus aruanus,4192,5345,48600,unsexed,NA,NA,NA,NA,NA,NA,NA,NA,NA,NA,NA,NA,TL,48600,5,NA,NA,NA,NA,"Lakshadweep lagoons, 1993-97",356,NA,NA,3,2003-09-24T00:00:00Z,NA,2003-09-24T00:00:00Z,NA,NA,NA
11972,Dascyllus flavicaudus,NA,NA,NA,NA,NA,NA,NA,NA,NA,NA,NA,NA,NA,NA,NA,NA,NA,NA,NA,NA,NA,NA,NA,NA,NA,NA,NA,NA,NA,NA,NA,NA,NA,NA
5112,Dascyllus trimaculatus,NA,NA,NA,NA,NA,NA,NA,NA,NA,NA,NA,NA,NA,NA,NA,NA,NA,NA,NA,NA,NA,NA,NA,NA,NA,NA,NA,NA,NA,NA,NA,NA,NA,NA
1022,Diodon hystrix,NA,NA,NA,NA,NA,NA,NA,NA,NA,NA,NA,NA,NA,NA,NA,NA,NA,NA,NA,NA,NA,NA,NA,NA,NA,NA,NA,NA,NA,NA,NA,NA,NA,NA
13764,Diplogrammus goramensis,NA,NA,NA,NA,NA,NA,NA,NA,NA,NA,NA,NA,NA,NA,NA,NA,NA,NA,NA,NA,NA,NA,NA,NA,NA,NA,NA,NA,NA,NA,NA,NA,NA,NA
2467,Echeneis naucrates,NA,NA,NA,NA,NA,NA,NA,NA,NA,NA,NA,NA,NA,NA,NA,NA,NA,NA,NA,NA,NA,NA,NA,NA,NA,NA,NA,NA,NA,NA,NA,NA,NA,NA
5388,Echidna nebulosa,NA,NA,NA,NA,NA,NA,NA,NA,NA,NA,NA,NA,NA,NA,NA,NA,NA,NA,NA,NA,NA,NA,NA,NA,NA,NA,NA,NA,NA,NA,NA,NA,NA,NA
5606,Epibulus insidiator,NA,NA,NA,NA,NA,NA,NA,NA,NA,NA,NA,NA,NA,NA,NA,NA,NA,NA,NA,NA,NA,NA,NA,NA,NA,NA,NA,NA,NA,NA,NA,NA,NA,NA
5348,Epinephelus fasciatus,6000,5587,34166,unsexed,NA,NA,NA,NA,NA,NA,NA,NA,NA,NA,24,NA,TL,34166,NA,NA,NA,NA,NA,Asia-Pacific Region,NA,NA,NA,393,2007-12-27T00:00:00Z,NA,2007-12-27T00:00:00Z,NA,NA,NA
5348,Epinephelus fasciatus,3462,5587,37816,female,NA,NA,NA,NA,NA,NA,NA,NA,NA,NA,16,NA,SL,NA,NA,NA,NA,NA,NA,East Africa,NA,NA,Country not specified.,309,2001-10-23T00:00:00Z,NA,2001-10-23T00:00:00Z,NA,NA,NA
5348,Epinephelus fasciatus,3466,5587,37816,male,NA,NA,NA,NA,NA,NA,NA,NA,NA,NA,17.5,NA,SL,NA,NA,NA,NA,NA,NA,Off East Africa.,NA,NA,Country not specified.,309,2001-10-23T00:00:00Z,NA,2001-10-23T00:00:00Z,NA,NA,NA
6660,Epinephelus hexagonatus,4197,6980,48600,unsexed,NA,NA,NA,NA,NA,NA,NA,NA,NA,NA,NA,NA,TL,48600,19,NA,NA,NA,NA,"Lakshadweep lagoons, 1993-97",356,NA,NA,3,2003-09-24T00:00:00Z,NA,2003-09-24T00:00:00Z,NA,NA,NA
4923,Epinephelus merra,6008,5156,34166,unsexed,NA,NA,NA,NA,NA,NA,NA,NA,NA,NA,19,NA,TL,34166,NA,NA,NA,NA,NA,Asia-Pacific Region,NA,NA,NA,393,2007-12-27T00:00:00Z,NA,2007-12-27T00:00:00Z,NA,NA,NA
4923,Epinephelus merra,4198,5156,48600,unsexed,NA,NA,NA,NA,NA,NA,NA,NA,NA,NA,NA,NA,TL,48600,11,NA,NA,NA,NA,"Lakshadweep lagoons, 1993-97",356,NA,NA,3,2003-09-24T00:00:00Z,NA,2003-09-24T00:00:00Z,NA,NA,NA
7264,Eviota infulata,NA,NA,NA,NA,NA,NA,NA,NA,NA,NA,NA,NA,NA,NA,NA,NA,NA,NA,NA,NA,NA,NA,NA,NA,NA,NA,NA,NA,NA,NA,NA,NA,NA,NA
6032,Exallias brevis,NA,NA,NA,NA,NA,NA,NA,NA,NA,NA,NA,NA,NA,NA,NA,NA,NA,NA,NA,NA,NA,NA,NA,NA,NA,NA,NA,NA,NA,NA,NA,NA,NA,NA
5444,Fistularia commersonii,NA,NA,NA,NA,NA,NA,NA,NA,NA,NA,NA,NA,NA,NA,NA,NA,NA,NA,NA,NA,NA,NA,NA,NA,NA,NA,NA,NA,NA,NA,NA,NA,NA,NA
5584,Forcipiger flavissimus,NA,NA,NA,NA,NA,NA,NA,NA,NA,NA,NA,NA,NA,NA,NA,NA,NA,NA,NA,NA,NA,NA,NA,NA,NA,NA,NA,NA,NA,NA,NA,NA,NA,NA
5585,Forcipiger longirostris,NA,NA,NA,NA,NA,NA,NA,NA,NA,NA,NA,NA,NA,NA,NA,NA,NA,NA,NA,NA,NA,NA,NA,NA,NA,NA,NA,NA,NA,NA,NA,NA,NA,NA
7215,Fusigobius neophytus,NA,NA,NA,NA,NA,NA,NA,NA,NA,NA,NA,NA,NA,NA,NA,NA,NA,NA,NA,NA,NA,NA,NA,NA,NA,NA,NA,NA,NA,NA,NA,NA,NA,NA
4464,Gnathanodon speciosus,8098,4664,55549,female,NA,NA,55549,NA,NA,NA,NA,NA,NA,NA,NA,NA,NA,NA,32.5,NA,NA,NA,NA,"Abu Dhabi, 2001-2003",784,NA,NA,3,2013-02-04T07:46:36Z,NA,2013-02-04T07:46:36Z,NA,NA,NA
1832,Gnathodentex aureolineatus,NA,NA,NA,NA,NA,NA,NA,NA,NA,NA,NA,NA,NA,NA,NA,NA,NA,NA,NA,NA,NA,NA,NA,NA,NA,NA,NA,NA,NA,NA,NA,NA,NA,NA
23595,Gnatholepis anjerensis,NA,NA,NA,NA,NA,NA,NA,NA,NA,NA,NA,NA,NA,NA,NA,NA,NA,NA,NA,NA,NA,NA,NA,NA,NA,NA,NA,NA,NA,NA,NA,NA,NA,NA
NA,NA,NA,NA,NA,NA,NA,NA,NA,NA,NA,NA,NA,NA,NA,NA,NA,NA,NA,NA,NA,NA,NA,NA,NA,NA,NA,NA,NA,NA,NA,NA,NA,NA,NA,NA
5626,Gomphosus varius,NA,NA,NA,NA,NA,NA,NA,NA,NA,NA,NA,NA,NA,NA,NA,NA,NA,NA,NA,NA,NA,NA,NA,NA,NA,NA,NA,NA,NA,NA,NA,NA,NA,NA
4925,Grammistes sexlineatus,NA,NA,NA,NA,NA,NA,NA,NA,NA,NA,NA,NA,NA,NA,NA,NA,NA,NA,NA,NA,NA,NA,NA,NA,NA,NA,NA,NA,NA,NA,NA,NA,NA,NA
7880,Gymnomuraena zebra,NA,NA,NA,NA,NA,NA,NA,NA,NA,NA,NA,NA,NA,NA,NA,NA,NA,NA,NA,NA,NA,NA,NA,NA,NA,NA,NA,NA,NA,NA,NA,NA,NA,NA
6493,Gymnothorax buroensis,NA,NA,NA,NA,NA,NA,NA,NA,NA,NA,NA,NA,NA,NA,NA,NA,NA,NA,NA,NA,NA,NA,NA,NA,NA,NA,NA,NA,NA,NA,NA,NA,NA,NA
6662,Gymnothorax eurostus,NA,NA,NA,NA,NA,NA,NA,NA,NA,NA,NA,NA,NA,NA,NA,NA,NA,NA,NA,NA,NA,NA,NA,NA,NA,NA,NA,NA,NA,NA,NA,NA,NA,NA
6495,Gymnothorax fimbriatus,NA,NA,NA,NA,NA,NA,NA,NA,NA,NA,NA,NA,NA,NA,NA,NA,NA,NA,NA,NA,NA,NA,NA,NA,NA,NA,NA,NA,NA,NA,NA,NA,NA,NA
5392,Gymnothorax flavimarginatus,3925,5651,34166,unsexed,NA,NA,NA,NA,NA,NA,NA,NA,NA,NA,65,NA,TL,34166,NA,NA,NA,NA,NA,Asia-Pacific Region,NA,NA,NA,2,2002-09-27T00:00:00Z,NA,2002-09-27T00:00:00Z,NA,NA,NA
6380,Gymnothorax javanicus,NA,NA,NA,NA,NA,NA,NA,NA,NA,NA,NA,NA,NA,NA,NA,NA,NA,NA,NA,NA,NA,NA,NA,NA,NA,NA,NA,NA,NA,NA,NA,NA,NA,NA
5394,Gymnothorax meleagris,NA,NA,NA,NA,NA,NA,NA,NA,NA,NA,NA,NA,NA,NA,NA,NA,NA,NA,NA,NA,NA,NA,NA,NA,NA,NA,NA,NA,NA,NA,NA,NA,NA,NA
6395,Gymnothorax pictus,NA,NA,NA,NA,NA,NA,NA,NA,NA,NA,NA,NA,NA,NA,NA,NA,NA,NA,NA,NA,NA,NA,NA,NA,NA,NA,NA,NA,NA,NA,NA,NA,NA,NA
4905,Gymnothorax undulatus,3928,5138,34166,unsexed,NA,NA,NA,NA,NA,NA,NA,NA,NA,NA,77,NA,TL,34166,NA,NA,NA,NA,NA,Asia-Pacific region,NA,NA,NA,2,2002-09-27T00:00:00Z,NA,2002-09-27T00:00:00Z,NA,NA,NA
65073,Halichoeres claudia,8565,55127,82288,female,NA,NA,NA,NA,NA,NA,NA,NA,NA,NA,4.8,5.2,SL,82288,NA,NA,NA,NA,NA,"Ua Huka, west side, bay 0.4 miles northeast of Motu Takatai, north side of bay",250D,NA,Paratype (BPBM 12431); 2 specimens nearly fully mature.,2,2014-12-01T00:00:00Z,NA,2014-12-01T00:00:00Z,NA,NA,NA
65073,Halichoeres claudia,8564,55127,82288,female,NA,NA,NA,NA,NA,NA,NA,NA,NA,NA,4.3,NA,SL,82288,NA,NA,NA,NA,NA,Line Is.,581,NA,Paratype (BPBM 37501).,2,2014-12-01T00:00:00Z,NA,2014-12-01T00:00:00Z,NA,NA,NA
65073,Halichoeres claudia,8563,55127,82288,female,NA,NA,NA,NA,NA,NA,NA,NA,NA,NA,4.3,NA,SL,82288,NA,NA,NA,NA,NA,Minami-Tori-Shima (Marcus Is.),392,NA,Paratypes (BPBM 7127).,2,2014-12-01T00:00:00Z,NA,2014-12-01T00:00:00Z,NA,NA,NA
12663,Halichoeres hortulanus,4186,13008,48600,unsexed,NA,NA,NA,NA,NA,NA,NA,NA,NA,NA,NA,NA,TL,48600,12.8,NA,NA,NA,NA,"Lakshadweep lagoons, 1993-97",356,NA,NA,3,2003-09-24T00:00:00Z,NA,2003-09-24T00:00:00Z,NA,NA,NA
5630,Halichoeres margaritaceus,NA,NA,NA,NA,NA,NA,NA,NA,NA,NA,NA,NA,NA,NA,NA,NA,NA,NA,NA,NA,NA,NA,NA,NA,NA,NA,NA,NA,NA,NA,NA,NA,NA,NA
5631,Halichoeres marginatus,4187,5925,48600,unsexed,NA,NA,NA,NA,NA,NA,NA,NA,NA,NA,NA,NA,TL,48600,7,NA,NA,NA,NA,"Lakshadweep lagoons, 1993-97",356,NA,NA,3,2003-09-24T00:00:00Z,NA,2003-09-24T00:00:00Z,NA,NA,NA
NA,NA,NA,NA,NA,NA,NA,NA,NA,NA,NA,NA,NA,NA,NA,NA,NA,NA,NA,NA,NA,NA,NA,NA,NA,NA,NA,NA,NA,NA,NA,NA,NA,NA,NA,NA
5634,Halichoeres trimaculatus,NA,NA,NA,NA,NA,NA,NA,NA,NA,NA,NA,NA,NA,NA,NA,NA,NA,NA,NA,NA,NA,NA,NA,NA,NA,NA,NA,NA,NA,NA,NA,NA,NA,NA
5635,Hemigymnus fasciatus,NA,NA,NA,NA,NA,NA,NA,NA,NA,NA,NA,NA,NA,NA,NA,NA,NA,NA,NA,NA,NA,NA,NA,NA,NA,NA,NA,NA,NA,NA,NA,NA,NA,NA
5586,Hemitaurichthys polylepis,NA,NA,NA,NA,NA,NA,NA,NA,NA,NA,NA,NA,NA,NA,NA,NA,NA,NA,NA,NA,NA,NA,NA,NA,NA,NA,NA,NA,NA,NA,NA,NA,NA,NA
5588,Heniochus acuminatus,NA,NA,NA,NA,NA,NA,NA,NA,NA,NA,NA,NA,NA,NA,NA,NA,NA,NA,NA,NA,NA,NA,NA,NA,NA,NA,NA,NA,NA,NA,NA,NA,NA,NA
5589,Heniochus chrysostomus,NA,NA,NA,NA,NA,NA,NA,NA,NA,NA,NA,NA,NA,NA,NA,NA,NA,NA,NA,NA,NA,NA,NA,NA,NA,NA,NA,NA,NA,NA,NA,NA,NA,NA
5590,Heniochus monoceros,NA,NA,NA,NA,NA,NA,NA,NA,NA,NA,NA,NA,NA,NA,NA,NA,NA,NA,NA,NA,NA,NA,NA,NA,NA,NA,NA,NA,NA,NA,NA,NA,NA,NA
5539,Hipposcarus longiceps,NA,NA,NA,NA,NA,NA,NA,NA,NA,NA,NA,NA,NA,NA,NA,NA,NA,NA,NA,NA,NA,NA,NA,NA,NA,NA,NA,NA,NA,NA,NA,NA,NA,NA
5637,Hologymnosus annulatus,NA,NA,NA,NA,NA,NA,NA,NA,NA,NA,NA,NA,NA,NA,NA,NA,NA,NA,NA,NA,NA,NA,NA,NA,NA,NA,NA,NA,NA,NA,NA,NA,NA,NA
5638,Hologymnosus doliatus,NA,NA,NA,NA,NA,NA,NA,NA,NA,NA,NA,NA,NA,NA,NA,NA,NA,NA,NA,NA,NA,NA,NA,NA,NA,NA,NA,NA,NA,NA,NA,NA,NA,NA
7710,Hyporhamphus affinis,2724,8019,10943,female,NA,NA,NA,NA,NA,NA,NA,NA,NA,NA,12.5,NA,SL,NA,NA,NA,NA,NA,NA,Hermit Islands,598,NA,NA,3,1996-03-10T00:00:00Z,NA,1996-03-10T00:00:00Z,NA,NA,NA
5650,Labroides bicolor,NA,NA,NA,NA,NA,NA,NA,NA,NA,NA,NA,NA,NA,NA,NA,NA,NA,NA,NA,NA,NA,NA,NA,NA,NA,NA,NA,NA,NA,NA,NA,NA,NA,NA
5459,Labroides dimidiatus,NA,NA,NA,NA,NA,NA,NA,NA,NA,NA,NA,NA,NA,NA,NA,NA,NA,NA,NA,NA,NA,NA,NA,NA,NA,NA,NA,NA,NA,NA,NA,NA,NA,NA
23530,Labroides rubrolabiatus,NA,NA,NA,NA,NA,NA,NA,NA,NA,NA,NA,NA,NA,NA,NA,NA,NA,NA,NA,NA,NA,NA,NA,NA,NA,NA,NA,NA,NA,NA,NA,NA,NA,NA
6399,Lactoria cornuta,NA,NA,NA,NA,NA,NA,NA,NA,NA,NA,NA,NA,NA,NA,NA,NA,NA,NA,NA,NA,NA,NA,NA,NA,NA,NA,NA,NA,NA,NA,NA,NA,NA,NA
5683,Lepidozygus tapeinosoma,NA,NA,NA,NA,NA,NA,NA,NA,NA,NA,NA,NA,NA,NA,NA,NA,NA,NA,NA,NA,NA,NA,NA,NA,NA,NA,NA,NA,NA,NA,NA,NA,NA,NA
4360,Leptoscarus vaigiensis,NA,NA,NA,NA,NA,NA,NA,NA,NA,NA,NA,NA,NA,NA,NA,NA,NA,NA,NA,NA,NA,NA,NA,NA,NA,NA,NA,NA,NA,NA,NA,NA,NA,NA
1864,Lethrinus olivaceus,1714,2060,33015,female,4.1,NA,2293,NA,NA,NA,NA,NA,NA,NA,34,NA,NA,2293,NA,NA,NA,NA,NA,lagoon,540,NA,NA,492,1999-12-02T00:00:00Z,3,1999-12-02T00:00:00Z,NA,NA,NA
1864,Lethrinus olivaceus,1715,2060,33015,male,5.1,NA,2293,6,NA,NA,NA,NA,NA,NA,35.2,NA,NA,2293,37,NA,NA,NA,NA,lagoon,540,NA,NA,492,1999-12-02T00:00:00Z,3,1999-12-02T00:00:00Z,NA,NA,NA
1852,Lethrinus xanthochilus,NA,NA,NA,NA,NA,NA,NA,NA,NA,NA,NA,NA,NA,NA,NA,NA,NA,NA,NA,NA,NA,NA,NA,NA,NA,NA,NA,NA,NA,NA,NA,NA,NA,NA
1417,Lutjanus bohar,1501,1468,55,unsexed,NA,NA,NA,NA,NA,NA,NA,NA,NA,NA,50,55,TL,NA,NA,NA,NA,NA,NA,Not specified,NA,NA,NA,10,1994-01-27T00:00:00Z,NA,2001-12-13T00:00:00Z,NA,NA,NA
1417,Lutjanus bohar,6029,1468,34166,unsexed,NA,NA,NA,NA,NA,NA,NA,NA,NA,NA,53,NA,TL,34166,NA,NA,NA,NA,NA,Aisa-Pacific Region,NA,NA,NA,393,2007-12-28T00:00:00Z,NA,2007-12-28T00:00:00Z,NA,NA,NA
1417,Lutjanus bohar,3521,1468,37816,unsexed,NA,NA,NA,NA,NA,NA,NA,NA,NA,NA,45,NA,FL,37816,NA,NA,NA,NA,NA,not specified,583,NA,NA,309,2001-11-13T00:00:00Z,2,2001-12-13T00:00:00Z,NA,NA,NA
1417,Lutjanus bohar,7181,1468,72420,female,3,NA,72420,9.39,NA,NA,NA,NA,NA,NA,38.6,NA,FL,72420,42.9,NA,NA,NA,NA,"Great Barrier Reef, 1995-2003",036,128,Maturity stage was based on histological sections of gonads.,3,2010-04-16T00:00:00Z,NA,2010-04-16T00:00:00Z,NA,NA,NA
1417,Lutjanus bohar,7182,1468,72420,male,2,NA,72420,NA,NA,NA,NA,NA,NA,NA,24.8,NA,FL,72420,NA,NA,NA,NA,NA,"Great Barrier Reef, 1995-2003",036,243,Not enoguh small males to enable estimation of Lm50. The smallest male in the sample was 24.8 cm and it was mature. Maturity stage based on gonadal histology.,3,2010-04-16T00:00:00Z,NA,2010-04-16T00:00:00Z,NA,NA,NA
262,Lutjanus fulvus,577,276,55,unsexed,NA,NA,NA,NA,NA,NA,NA,NA,NA,NA,20,30,TL,NA,NA,NA,NA,NA,NA,to be filled,NA,NA,NA,10,1994-02-02T00:00:00Z,NA,1994-02-02T00:00:00Z,NA,NA,NA
156,Lutjanus kasmira,430,170,55,unsexed,NA,NA,NA,NA,NA,NA,NA,NA,NA,NA,20,25,TL,NA,NA,NA,NA,NA,NA,to be filled,NA,NA,NA,10,1994-02-05T00:00:00Z,NA,1994-10-01T00:00:00Z,NA,NA,NA
156,Lutjanus kasmira,6032,170,34166,unsexed,NA,NA,NA,NA,NA,NA,NA,NA,NA,NA,23,NA,TL,34166,NA,NA,NA,NA,NA,Asia-Pacific Region,NA,NA,NA,393,2007-12-31T00:00:00Z,NA,2007-12-31T00:00:00Z,NA,NA,NA
156,Lutjanus kasmira,3522,170,37816,unsexed,NA,NA,NA,NA,NA,NA,NA,NA,NA,NA,17,20,FL,NA,NA,NA,NA,NA,NA,Off South Africa,710,NA,NA,309,2001-11-13T00:00:00Z,NA,2001-11-13T00:00:00Z,NA,NA,NA
166,Lutjanus monostigma,NA,NA,NA,NA,NA,NA,NA,NA,NA,NA,NA,NA,NA,NA,NA,NA,NA,NA,NA,NA,NA,NA,NA,NA,NA,NA,NA,NA,NA,NA,NA,NA,NA,NA
173,Lutjanus rivulatus,436,187,55,unsexed,NA,NA,NA,NA,NA,NA,NA,NA,NA,NA,50,NA,TL,NA,NA,NA,NA,NA,NA,to be filled,NA,NA,NA,10,1994-02-12T00:00:00Z,NA,1994-02-12T00:00:00Z,NA,NA,NA
173,Lutjanus rivulatus,6035,187,34166,unsexed,NA,NA,NA,NA,NA,NA,NA,NA,NA,NA,37,NA,TL,34166,NA,NA,NA,NA,NA,Asia-Pacific Region,NA,NA,NA,393,2007-12-31T00:00:00Z,NA,2007-12-31T00:00:00Z,NA,NA,NA
4984,Macropharyngodon meleagris,NA,NA,NA,NA,NA,NA,NA,NA,NA,NA,NA,NA,NA,NA,NA,NA,NA,NA,NA,NA,NA,NA,NA,NA,NA,NA,NA,NA,NA,NA,NA,NA,NA,NA
12724,Macropharyngodon ornatus,NA,NA,NA,NA,NA,NA,NA,NA,NA,NA,NA,NA,NA,NA,NA,NA,NA,NA,NA,NA,NA,NA,NA,NA,NA,NA,NA,NA,NA,NA,NA,NA,NA,NA
5795,Malacanthus brevirostris,NA,NA,NA,NA,NA,NA,NA,NA,NA,NA,NA,NA,NA,NA,NA,NA,NA,NA,NA,NA,NA,NA,NA,NA,NA,NA,NA,NA,NA,NA,NA,NA,NA,NA
966,Melichthys niger,NA,NA,NA,NA,NA,NA,NA,NA,NA,NA,NA,NA,NA,NA,NA,NA,NA,NA,NA,NA,NA,NA,NA,NA,NA,NA,NA,NA,NA,NA,NA,NA,NA,NA
5838,Melichthys vidua,NA,NA,NA,NA,NA,NA,NA,NA,NA,NA,NA,NA,NA,NA,NA,NA,NA,NA,NA,NA,NA,NA,NA,NA,NA,NA,NA,NA,NA,NA,NA,NA,NA,NA
1869,Monotaxis grandoculis,NA,NA,NA,NA,NA,NA,NA,NA,NA,NA,NA,NA,NA,NA,NA,NA,NA,NA,NA,NA,NA,NA,NA,NA,NA,NA,NA,NA,NA,NA,NA,NA,NA,NA
5983,Mulloidichthys flavolineatus,3619,6292,37816,female,NA,NA,NA,NA,NA,NA,NA,NA,NA,NA,12.3,NA,SL,37816,NA,NA,NA,NA,NA,not specified,580,NA,NA,2,2001-12-13T00:00:00Z,NA,2001-12-13T00:00:00Z,NA,NA,NA
5983,Mulloidichthys flavolineatus,3620,6292,37816,male,NA,NA,NA,NA,NA,NA,NA,NA,NA,NA,11.2,NA,SL,37816,NA,NA,NA,NA,NA,not specified,580,NA,NA,2,2001-12-13T00:00:00Z,NA,2001-12-13T00:00:00Z,NA,NA,NA
5983,Mulloidichthys flavolineatus,4191,6292,48600,unsexed,NA,NA,NA,NA,NA,NA,NA,NA,NA,NA,NA,NA,TL,48600,17.5,NA,NA,NA,NA,"Lakshadweep lagoons, 1993-97",356,NA,NA,3,2003-09-24T00:00:00Z,NA,2003-09-24T00:00:00Z,NA,NA,NA
5984,Mulloidichthys vanicolensis,4792,6293,52849,female,NA,NA,NA,NA,NA,NA,NA,NA,NA,NA,21,NA,TL,NA,24,NA,NA,NA,NA,"lagoon, 1988",480,NA,Maturity data from Jehangeer (unpublished data).,3,2005-01-30T00:00:00Z,NA,2005-01-30T00:00:00Z,NA,NA,NA
5984,Mulloidichthys vanicolensis,4791,6293,52849,male,NA,NA,NA,NA,NA,NA,NA,NA,NA,NA,19,NA,TL,NA,24,NA,NA,NA,NA,"lagoon, 1988",480,NA,Maturity data from Jehangeer (unpublished data).,3,2005-01-30T00:00:00Z,NA,2005-01-30T00:00:00Z,NA,NA,NA
7773,Myripristis amaena,NA,NA,NA,NA,NA,NA,NA,NA,NA,NA,NA,NA,NA,NA,NA,NA,NA,NA,NA,NA,NA,NA,NA,NA,NA,NA,NA,NA,NA,NA,NA,NA,NA,NA
4910,Myripristis berndti,NA,NA,NA,NA,NA,NA,NA,NA,NA,NA,NA,NA,NA,NA,NA,NA,NA,NA,NA,NA,NA,NA,NA,NA,NA,NA,NA,NA,NA,NA,NA,NA,NA,NA
7306,Myripristis kuntee,NA,NA,NA,NA,NA,NA,NA,NA,NA,NA,NA,NA,NA,NA,NA,NA,NA,NA,NA,NA,NA,NA,NA,NA,NA,NA,NA,NA,NA,NA,NA,NA,NA,NA
5408,Myripristis murdjan,4181,5667,48600,unsexed,NA,NA,NA,NA,NA,NA,NA,NA,NA,NA,NA,NA,TL,48600,17.5,NA,NA,NA,NA,"Lakshadweep lagoons, 1993-97",356,NA,NA,3,2003-09-24T00:00:00Z,NA,2003-09-24T00:00:00Z,NA,NA,NA
7309,Myripristis violacea,NA,NA,NA,NA,NA,NA,NA,NA,NA,NA,NA,NA,NA,NA,NA,NA,NA,NA,NA,NA,NA,NA,NA,NA,NA,NA,NA,NA,NA,NA,NA,NA,NA,NA
6019,Naso annulatus,NA,NA,NA,NA,NA,NA,NA,NA,NA,NA,NA,NA,NA,NA,NA,NA,NA,NA,NA,NA,NA,NA,NA,NA,NA,NA,NA,NA,NA,NA,NA,NA,NA,NA
6020,Naso brachycentron,NA,NA,NA,NA,NA,NA,NA,NA,NA,NA,NA,NA,NA,NA,NA,NA,NA,NA,NA,NA,NA,NA,NA,NA,NA,NA,NA,NA,NA,NA,NA,NA,NA,NA
6021,Naso brevirostris,NA,NA,NA,NA,NA,NA,NA,NA,NA,NA,NA,NA,NA,NA,NA,NA,NA,NA,NA,NA,NA,NA,NA,NA,NA,NA,NA,NA,NA,NA,NA,NA,NA,NA
1263,Naso hexacanthus,4541,1280,52229,unsexed,NA,NA,52229,7,NA,NA,NA,NA,NA,NA,NA,NA,SL,52229,45,NA,NA,NA,NA,Great Barrier Reef,036,NA,NA,3,2004-10-03T00:00:00Z,NA,2004-10-03T00:00:00Z,NA,NA,NA
1264,Naso lituratus,NA,NA,NA,NA,NA,NA,NA,NA,NA,NA,NA,NA,NA,NA,NA,NA,NA,NA,NA,NA,NA,NA,NA,NA,NA,NA,NA,NA,NA,NA,NA,NA,NA,NA
1265,Naso unicornis,NA,NA,NA,NA,NA,NA,NA,NA,NA,NA,NA,NA,NA,NA,NA,NA,NA,NA,NA,NA,NA,NA,NA,NA,NA,NA,NA,NA,NA,NA,NA,NA,NA,NA
6024,Naso vlamingii,NA,NA,NA,NA,NA,NA,NA,NA,NA,NA,NA,NA,NA,NA,NA,NA,NA,NA,NA,NA,NA,NA,NA,NA,NA,NA,NA,NA,NA,NA,NA,NA,NA,NA
5895,Nebrius ferrugineus,3319,6204,37816,male,NA,NA,NA,NA,NA,NA,NA,NA,NA,NA,225,NA,TL,NA,NA,NA,NA,NA,NA,not specified,583,NA,NA,309,2001-04-26T00:00:00Z,NA,2001-04-26T00:00:00Z,NA,NA,NA
5895,Nebrius ferrugineus,6382,6204,58048,female,NA,NA,NA,NA,NA,NA,NA,NA,NA,NA,230,NA,TL,NA,NA,NA,NA,NA,NA,not specified,360,NA,NA,1790,2008-02-13T21:36:40Z,NA,2008-02-13T21:36:40Z,NA,NA,NA
5895,Nebrius ferrugineus,6381,6204,58048,male,NA,NA,NA,NA,NA,NA,NA,NA,NA,NA,225,NA,TL,NA,NA,NA,NA,NA,NA,not specified,360,NA,NA,1790,2008-02-13T21:36:12Z,NA,2008-02-13T21:36:12Z,NA,NA,NA
59777,Nectamia fusca,NA,NA,NA,NA,NA,NA,NA,NA,NA,NA,NA,NA,NA,NA,NA,NA,NA,NA,NA,NA,NA,NA,NA,NA,NA,NA,NA,NA,NA,NA,NA,NA,NA,NA
896,Negaprion acutidens,1192,912,9997,unsexed,NA,NA,NA,NA,NA,NA,NA,NA,NA,NA,220,NA,TL,NA,NA,NA,NA,NA,NA,Not stated.,NA,NA,NA,113,1998-10-12T00:00:00Z,113,1999-10-25T00:00:00Z,NA,NA,NA
896,Negaprion acutidens,3338,912,37816,unsexed,NA,NA,NA,NA,NA,NA,NA,NA,NA,NA,220,NA,TL,NA,NA,NA,NA,NA,NA,not specified,583,NA,NA,309,2001-05-02T00:00:00Z,NA,2001-05-02T00:00:00Z,NA,NA,NA
896,Negaprion acutidens,6438,912,58048,female,NA,NA,NA,NA,NA,NA,NA,NA,NA,NA,220,240,TL,NA,NA,NA,NA,NA,NA,not specified,360,NA,NA,1790,2008-02-15T01:44:22Z,NA,2008-02-15T01:44:22Z,NA,NA,NA
896,Negaprion acutidens,6437,912,58048,male,NA,NA,NA,NA,NA,NA,NA,NA,NA,NA,220,240,TL,NA,NA,NA,NA,NA,NA,not specified,360,NA,NA,1790,2008-02-15T01:43:59Z,NA,2008-02-15T01:43:59Z,NA,NA,NA
6629,Nemateleotris magnifica,NA,NA,NA,NA,NA,NA,NA,NA,NA,NA,NA,NA,NA,NA,NA,NA,NA,NA,NA,NA,NA,NA,NA,NA,NA,NA,NA,NA,NA,NA,NA,NA,NA,NA
5832,Neocirrhites armatus,NA,NA,NA,NA,NA,NA,NA,NA,NA,NA,NA,NA,NA,NA,NA,NA,NA,NA,NA,NA,NA,NA,NA,NA,NA,NA,NA,NA,NA,NA,NA,NA,NA,NA
7310,Neoniphon argenteus,NA,NA,NA,NA,NA,NA,NA,NA,NA,NA,NA,NA,NA,NA,NA,NA,NA,NA,NA,NA,NA,NA,NA,NA,NA,NA,NA,NA,NA,NA,NA,NA,NA,NA
6582,Neoniphon opercularis,NA,NA,NA,NA,NA,NA,NA,NA,NA,NA,NA,NA,NA,NA,NA,NA,NA,NA,NA,NA,NA,NA,NA,NA,NA,NA,NA,NA,NA,NA,NA,NA,NA,NA
4911,Neoniphon sammara,4183,5144,48600,unsexed,NA,NA,NA,NA,NA,NA,NA,NA,NA,NA,NA,NA,TL,48600,15,NA,NA,NA,NA,"Lakshadweep lagoons, 1993-97",356,NA,NA,3,2003-09-24T00:00:00Z,NA,2003-09-24T00:00:00Z,NA,NA,NA
NA,NA,NA,NA,NA,NA,NA,NA,NA,NA,NA,NA,NA,NA,NA,NA,NA,NA,NA,NA,NA,NA,NA,NA,NA,NA,NA,NA,NA,NA,NA,NA,NA,NA,NA,NA
5610,Novaculichthys taeniourus,NA,NA,NA,NA,NA,NA,NA,NA,NA,NA,NA,NA,NA,NA,NA,NA,NA,NA,NA,NA,NA,NA,NA,NA,NA,NA,NA,NA,NA,NA,NA,NA,NA,NA
1311,Odonus niger,NA,NA,NA,NA,NA,NA,NA,NA,NA,NA,NA,NA,NA,NA,NA,NA,NA,NA,NA,NA,NA,NA,NA,NA,NA,NA,NA,NA,NA,NA,NA,NA,NA,NA
5766,Ostorhinchus angustatus,NA,NA,NA,NA,NA,NA,NA,NA,NA,NA,NA,NA,NA,NA,NA,NA,NA,NA,NA,NA,NA,NA,NA,NA,NA,NA,NA,NA,NA,NA,NA,NA,NA,NA
4836,Ostorhinchus nigrofasciatus,NA,NA,NA,NA,NA,NA,NA,NA,NA,NA,NA,NA,NA,NA,NA,NA,NA,NA,NA,NA,NA,NA,NA,NA,NA,NA,NA,NA,NA,NA,NA,NA,NA,NA
6555,Ostracion cubicus,NA,NA,NA,NA,NA,NA,NA,NA,NA,NA,NA,NA,NA,NA,NA,NA,NA,NA,NA,NA,NA,NA,NA,NA,NA,NA,NA,NA,NA,NA,NA,NA,NA,NA
6556,Ostracion meleagris,NA,NA,NA,NA,NA,NA,NA,NA,NA,NA,NA,NA,NA,NA,NA,NA,NA,NA,NA,NA,NA,NA,NA,NA,NA,NA,NA,NA,NA,NA,NA,NA,NA,NA
5596,Oxycheilinus bimaculatus,NA,NA,NA,NA,NA,NA,NA,NA,NA,NA,NA,NA,NA,NA,NA,NA,NA,NA,NA,NA,NA,NA,NA,NA,NA,NA,NA,NA,NA,NA,NA,NA,NA,NA
63450,Oxycheilinus lineatus,NA,NA,NA,NA,NA,NA,NA,NA,NA,NA,NA,NA,NA,NA,NA,NA,NA,NA,NA,NA,NA,NA,NA,NA,NA,NA,NA,NA,NA,NA,NA,NA,NA,NA
5605,Oxycheilinus unifasciatus,NA,NA,NA,NA,NA,NA,NA,NA,NA,NA,NA,NA,NA,NA,NA,NA,NA,NA,NA,NA,NA,NA,NA,NA,NA,NA,NA,NA,NA,NA,NA,NA,NA,NA
5835,Paracirrhites arcatus,NA,NA,NA,NA,NA,NA,NA,NA,NA,NA,NA,NA,NA,NA,NA,NA,NA,NA,NA,NA,NA,NA,NA,NA,NA,NA,NA,NA,NA,NA,NA,NA,NA,NA
5952,Paracirrhites forsteri,NA,NA,NA,NA,NA,NA,NA,NA,NA,NA,NA,NA,NA,NA,NA,NA,NA,NA,NA,NA,NA,NA,NA,NA,NA,NA,NA,NA,NA,NA,NA,NA,NA,NA
5953,Paracirrhites hemistictus,NA,NA,NA,NA,NA,NA,NA,NA,NA,NA,NA,NA,NA,NA,NA,NA,NA,NA,NA,NA,NA,NA,NA,NA,NA,NA,NA,NA,NA,NA,NA,NA,NA,NA
7219,Paragobiodon echinocephalus,NA,NA,NA,NA,NA,NA,NA,NA,NA,NA,NA,NA,NA,NA,NA,NA,NA,NA,NA,NA,NA,NA,NA,NA,NA,NA,NA,NA,NA,NA,NA,NA,NA,NA
22476,Paragobiodon lacunicolus,NA,NA,NA,NA,NA,NA,NA,NA,NA,NA,NA,NA,NA,NA,NA,NA,NA,NA,NA,NA,NA,NA,NA,NA,NA,NA,NA,NA,NA,NA,NA,NA,NA,NA
22477,Paragobiodon modestus,NA,NA,NA,NA,NA,NA,NA,NA,NA,NA,NA,NA,NA,NA,NA,NA,NA,NA,NA,NA,NA,NA,NA,NA,NA,NA,NA,NA,NA,NA,NA,NA,NA,NA
6670,Parapercis millepunctata,NA,NA,NA,NA,NA,NA,NA,NA,NA,NA,NA,NA,NA,NA,NA,NA,NA,NA,NA,NA,NA,NA,NA,NA,NA,NA,NA,NA,NA,NA,NA,NA,NA,NA
10753,Parapercis multiplicata,NA,NA,NA,NA,NA,NA,NA,NA,NA,NA,NA,NA,NA,NA,NA,NA,NA,NA,NA,NA,NA,NA,NA,NA,NA,NA,NA,NA,NA,NA,NA,NA,NA,NA
5987,Parupeneus barberinus,NA,NA,NA,NA,NA,NA,NA,NA,NA,NA,NA,NA,NA,NA,NA,NA,NA,NA,NA,NA,NA,NA,NA,NA,NA,NA,NA,NA,NA,NA,NA,NA,NA,NA
5989,Parupeneus ciliatus,NA,NA,NA,NA,NA,NA,NA,NA,NA,NA,NA,NA,NA,NA,NA,NA,NA,NA,NA,NA,NA,NA,NA,NA,NA,NA,NA,NA,NA,NA,NA,NA,NA,NA
5990,Parupeneus cyclostomus,NA,NA,NA,NA,NA,NA,NA,NA,NA,NA,NA,NA,NA,NA,NA,NA,NA,NA,NA,NA,NA,NA,NA,NA,NA,NA,NA,NA,NA,NA,NA,NA,NA,NA
60849,Parupeneus insularis,NA,NA,NA,NA,NA,NA,NA,NA,NA,NA,NA,NA,NA,NA,NA,NA,NA,NA,NA,NA,NA,NA,NA,NA,NA,NA,NA,NA,NA,NA,NA,NA,NA,NA
5993,Parupeneus multifasciatus,3533,6302,37816,male,NA,NA,NA,NA,NA,NA,NA,NA,NA,NA,18,NA,SL,NA,NA,NA,NA,NA,NA,not specified.,583,NA,NA,309,2001-11-20T00:00:00Z,NA,2001-11-20T00:00:00Z,NA,NA,NA
5993,Parupeneus multifasciatus,5047,6302,54393,female,NA,NA,NA,NA,NA,NA,NA,NA,NA,NA,13.5,NA,SL,NA,NA,NA,NA,NA,NA,Not specifiedin Oceania and W. Pacific,NA,NA,NA,14,2005-12-15T00:00:00Z,NA,2005-12-15T00:00:00Z,NA,NA,NA
5994,Parupeneus pleurostigma,NA,NA,NA,NA,NA,NA,NA,NA,NA,NA,NA,NA,NA,NA,NA,NA,NA,NA,NA,NA,NA,NA,NA,NA,NA,NA,NA,NA,NA,NA,NA,NA,NA,NA
6077,Petroscirtes xestus,NA,NA,NA,NA,NA,NA,NA,NA,NA,NA,NA,NA,NA,NA,NA,NA,NA,NA,NA,NA,NA,NA,NA,NA,NA,NA,NA,NA,NA,NA,NA,NA,NA,NA
6072,Plagiotremus tapeinosoma,NA,NA,NA,NA,NA,NA,NA,NA,NA,NA,NA,NA,NA,NA,NA,NA,NA,NA,NA,NA,NA,NA,NA,NA,NA,NA,NA,NA,NA,NA,NA,NA,NA,NA
5737,Platax orbicularis,NA,NA,NA,NA,NA,NA,NA,NA,NA,NA,NA,NA,NA,NA,NA,NA,NA,NA,NA,NA,NA,NA,NA,NA,NA,NA,NA,NA,NA,NA,NA,NA,NA,NA
973,Platybelone argalus argalus,NA,NA,NA,NA,NA,NA,NA,NA,NA,NA,NA,NA,NA,NA,NA,NA,NA,NA,NA,NA,NA,NA,NA,NA,NA,NA,NA,NA,NA,NA,NA,NA,NA,NA
1314,Platybelone argalus platyura,NA,NA,NA,NA,NA,NA,NA,NA,NA,NA,NA,NA,NA,NA,NA,NA,NA,NA,NA,NA,NA,NA,NA,NA,NA,NA,NA,NA,NA,NA,NA,NA,NA,NA
5709,Plectroglyphidodon dickii,NA,NA,NA,NA,NA,NA,NA,NA,NA,NA,NA,NA,NA,NA,NA,NA,NA,NA,NA,NA,NA,NA,NA,NA,NA,NA,NA,NA,NA,NA,NA,NA,NA,NA
10242,Plectroglyphidodon flaviventris,NA,NA,NA,NA,NA,NA,NA,NA,NA,NA,NA,NA,NA,NA,NA,NA,NA,NA,NA,NA,NA,NA,NA,NA,NA,NA,NA,NA,NA,NA,NA,NA,NA,NA
5711,Plectroglyphidodon johnstonianus,NA,NA,NA,NA,NA,NA,NA,NA,NA,NA,NA,NA,NA,NA,NA,NA,NA,NA,NA,NA,NA,NA,NA,NA,NA,NA,NA,NA,NA,NA,NA,NA,NA,NA
5712,Plectroglyphidodon lacrymatus,NA,NA,NA,NA,NA,NA,NA,NA,NA,NA,NA,NA,NA,NA,NA,NA,NA,NA,NA,NA,NA,NA,NA,NA,NA,NA,NA,NA,NA,NA,NA,NA,NA,NA
12727,Pogonoperca punctata,NA,NA,NA,NA,NA,NA,NA,NA,NA,NA,NA,NA,NA,NA,NA,NA,NA,NA,NA,NA,NA,NA,NA,NA,NA,NA,NA,NA,NA,NA,NA,NA,NA,NA
6416,Polydactylus sexfilis,NA,NA,NA,NA,NA,NA,NA,NA,NA,NA,NA,NA,NA,NA,NA,NA,NA,NA,NA,NA,NA,NA,NA,NA,NA,NA,NA,NA,NA,NA,NA,NA,NA,NA
6504,Pomacanthus imperator,NA,NA,NA,NA,NA,NA,NA,NA,NA,NA,NA,NA,NA,NA,NA,NA,NA,NA,NA,NA,NA,NA,NA,NA,NA,NA,NA,NA,NA,NA,NA,NA,NA,NA
5726,Pomacentrus pavo,NA,NA,NA,NA,NA,NA,NA,NA,NA,NA,NA,NA,NA,NA,NA,NA,NA,NA,NA,NA,NA,NA,NA,NA,NA,NA,NA,NA,NA,NA,NA,NA,NA,NA
10282,Pomachromis fuscidorsalis,NA,NA,NA,NA,NA,NA,NA,NA,NA,NA,NA,NA,NA,NA,NA,NA,NA,NA,NA,NA,NA,NA,NA,NA,NA,NA,NA,NA,NA,NA,NA,NA,NA,NA
5756,Pristiapogon exostigma,NA,NA,NA,NA,NA,NA,NA,NA,NA,NA,NA,NA,NA,NA,NA,NA,NA,NA,NA,NA,NA,NA,NA,NA,NA,NA,NA,NA,NA,NA,NA,NA,NA,NA
5757,Pristiapogon fraenatus,NA,NA,NA,NA,NA,NA,NA,NA,NA,NA,NA,NA,NA,NA,NA,NA,NA,NA,NA,NA,NA,NA,NA,NA,NA,NA,NA,NA,NA,NA,NA,NA,NA,NA
5758,Pristiapogon kallopterus,NA,NA,NA,NA,NA,NA,NA,NA,NA,NA,NA,NA,NA,NA,NA,NA,NA,NA,NA,NA,NA,NA,NA,NA,NA,NA,NA,NA,NA,NA,NA,NA,NA,NA
59194,Pseudanthias mooreanus,NA,NA,NA,NA,NA,NA,NA,NA,NA,NA,NA,NA,NA,NA,NA,NA,NA,NA,NA,NA,NA,NA,NA,NA,NA,NA,NA,NA,NA,NA,NA,NA,NA,NA
46510,Pseudanthias olivaceus,NA,NA,NA,NA,NA,NA,NA,NA,NA,NA,NA,NA,NA,NA,NA,NA,NA,NA,NA,NA,NA,NA,NA,NA,NA,NA,NA,NA,NA,NA,NA,NA,NA,NA
6934,Pseudanthias pascalus,NA,NA,NA,NA,NA,NA,NA,NA,NA,NA,NA,NA,NA,NA,NA,NA,NA,NA,NA,NA,NA,NA,NA,NA,NA,NA,NA,NA,NA,NA,NA,NA,NA,NA
6027,Pseudobalistes flavimarginatus,NA,NA,NA,NA,NA,NA,NA,NA,NA,NA,NA,NA,NA,NA,NA,NA,NA,NA,NA,NA,NA,NA,NA,NA,NA,NA,NA,NA,NA,NA,NA,NA,NA,NA
4466,Pseudobalistes fuscus,NA,NA,NA,NA,NA,NA,NA,NA,NA,NA,NA,NA,NA,NA,NA,NA,NA,NA,NA,NA,NA,NA,NA,NA,NA,NA,NA,NA,NA,NA,NA,NA,NA,NA
5616,Pseudocheilinus evanidus,NA,NA,NA,NA,NA,NA,NA,NA,NA,NA,NA,NA,NA,NA,NA,NA,NA,NA,NA,NA,NA,NA,NA,NA,NA,NA,NA,NA,NA,NA,NA,NA,NA,NA
5617,Pseudocheilinus hexataenia,NA,NA,NA,NA,NA,NA,NA,NA,NA,NA,NA,NA,NA,NA,NA,NA,NA,NA,NA,NA,NA,NA,NA,NA,NA,NA,NA,NA,NA,NA,NA,NA,NA,NA
5618,Pseudocheilinus octotaenia,NA,NA,NA,NA,NA,NA,NA,NA,NA,NA,NA,NA,NA,NA,NA,NA,NA,NA,NA,NA,NA,NA,NA,NA,NA,NA,NA,NA,NA,NA,NA,NA,NA,NA
5619,Pseudocheilinus tetrataenia,NA,NA,NA,NA,NA,NA,NA,NA,NA,NA,NA,NA,NA,NA,NA,NA,NA,NA,NA,NA,NA,NA,NA,NA,NA,NA,NA,NA,NA,NA,NA,NA,NA,NA
5594,Pseudodax moluccanus,NA,NA,NA,NA,NA,NA,NA,NA,NA,NA,NA,NA,NA,NA,NA,NA,NA,NA,NA,NA,NA,NA,NA,NA,NA,NA,NA,NA,NA,NA,NA,NA,NA,NA
4849,Pseudojuloides atavai,NA,NA,NA,NA,NA,NA,NA,NA,NA,NA,NA,NA,NA,NA,NA,NA,NA,NA,NA,NA,NA,NA,NA,NA,NA,NA,NA,NA,NA,NA,NA,NA,NA,NA
4851,Pseudojuloides cerasinus,NA,NA,NA,NA,NA,NA,NA,NA,NA,NA,NA,NA,NA,NA,NA,NA,NA,NA,NA,NA,NA,NA,NA,NA,NA,NA,NA,NA,NA,NA,NA,NA,NA,NA
4375,Ptereleotris evides,NA,NA,NA,NA,NA,NA,NA,NA,NA,NA,NA,NA,NA,NA,NA,NA,NA,NA,NA,NA,NA,NA,NA,NA,NA,NA,NA,NA,NA,NA,NA,NA,NA,NA
4378,Ptereleotris heteroptera,NA,NA,NA,NA,NA,NA,NA,NA,NA,NA,NA,NA,NA,NA,NA,NA,NA,NA,NA,NA,NA,NA,NA,NA,NA,NA,NA,NA,NA,NA,NA,NA,NA,NA
4381,Ptereleotris microlepis,NA,NA,NA,NA,NA,NA,NA,NA,NA,NA,NA,NA,NA,NA,NA,NA,NA,NA,NA,NA,NA,NA,NA,NA,NA,NA,NA,NA,NA,NA,NA,NA,NA,NA
4382,Ptereleotris monoptera,NA,NA,NA,NA,NA,NA,NA,NA,NA,NA,NA,NA,NA,NA,NA,NA,NA,NA,NA,NA,NA,NA,NA,NA,NA,NA,NA,NA,NA,NA,NA,NA,NA,NA
939,Pterocaesio tile,NA,NA,NA,NA,NA,NA,NA,NA,NA,NA,NA,NA,NA,NA,NA,NA,NA,NA,NA,NA,NA,NA,NA,NA,NA,NA,NA,NA,NA,NA,NA,NA,NA,NA
4914,Pterois antennata,NA,NA,NA,NA,NA,NA,NA,NA,NA,NA,NA,NA,NA,NA,NA,NA,NA,NA,NA,NA,NA,NA,NA,NA,NA,NA,NA,NA,NA,NA,NA,NA,NA,NA
4913,Pterois radiata,NA,NA,NA,NA,NA,NA,NA,NA,NA,NA,NA,NA,NA,NA,NA,NA,NA,NA,NA,NA,NA,NA,NA,NA,NA,NA,NA,NA,NA,NA,NA,NA,NA,NA
5195,Pterois volitans,7474,6124,85275,female,NA,NA,NA,NA,NA,NA,NA,NA,NA,NA,15.8,NA,TL,NA,NA,NA,NA,NA,NA,North and South Carolina,840,NA,NA,2134,2011-05-13T00:00:00Z,NA,2011-05-13T00:00:00Z,NA,NA,NA
5195,Pterois volitans,7476,6124,85275,female,NA,NA,NA,NA,NA,NA,NA,NA,NA,NA,17.2,NA,TL,NA,NA,NA,NA,NA,NA,Quezon Province,608,NA,NA,2134,2011-05-13T00:00:00Z,NA,2011-05-13T00:00:00Z,NA,NA,NA
5195,Pterois volitans,7475,6124,85275,male,NA,NA,NA,NA,NA,NA,NA,NA,NA,NA,13.2,NA,NA,NA,NA,NA,NA,NA,NA,North and South Carolina,840,NA,NA,2134,2011-05-13T00:00:00Z,NA,2011-05-13T00:00:00Z,NA,NA,NA
5195,Pterois volitans,7477,6124,85275,male,NA,NA,NA,NA,NA,NA,NA,NA,NA,NA,10.5,NA,TL,NA,NA,NA,NA,NA,NA,Quezon Province,608,NA,NA,2,2011-05-13T00:00:00Z,NA,2011-05-13T00:00:00Z,NA,NA,NA
6572,Pygoplites diacanthus,NA,NA,NA,NA,NA,NA,NA,NA,NA,NA,NA,NA,NA,NA,NA,NA,NA,NA,NA,NA,NA,NA,NA,NA,NA,NA,NA,NA,NA,NA,NA,NA,NA,NA
5839,Rhinecanthus aculeatus,4180,6136,48600,unsexed,NA,NA,NA,NA,NA,NA,NA,NA,NA,NA,NA,NA,TL,48600,14,NA,NA,NA,NA,"Lakshadweep lagoons, 1993-97",356,NA,NA,3,2003-09-24T00:00:00Z,NA,2003-09-24T00:00:00Z,NA,NA,NA
13774,Rhinecanthus lunula,NA,NA,NA,NA,NA,NA,NA,NA,NA,NA,NA,NA,NA,NA,NA,NA,NA,NA,NA,NA,NA,NA,NA,NA,NA,NA,NA,NA,NA,NA,NA,NA,NA,NA
5840,Rhinecanthus rectangulus,NA,NA,NA,NA,NA,NA,NA,NA,NA,NA,NA,NA,NA,NA,NA,NA,NA,NA,NA,NA,NA,NA,NA,NA,NA,NA,NA,NA,NA,NA,NA,NA,NA,NA
6028,Rhinecanthus verrucosus,NA,NA,NA,NA,NA,NA,NA,NA,NA,NA,NA,NA,NA,NA,NA,NA,NA,NA,NA,NA,NA,NA,NA,NA,NA,NA,NA,NA,NA,NA,NA,NA,NA,NA
4907,Sargocentron caudimaculatum,NA,NA,NA,NA,NA,NA,NA,NA,NA,NA,NA,NA,NA,NA,NA,NA,NA,NA,NA,NA,NA,NA,NA,NA,NA,NA,NA,NA,NA,NA,NA,NA,NA,NA
4699,Sargocentron diadema,NA,NA,NA,NA,NA,NA,NA,NA,NA,NA,NA,NA,NA,NA,NA,NA,NA,NA,NA,NA,NA,NA,NA,NA,NA,NA,NA,NA,NA,NA,NA,NA,NA,NA
5841,Sargocentron microstoma,NA,NA,NA,NA,NA,NA,NA,NA,NA,NA,NA,NA,NA,NA,NA,NA,NA,NA,NA,NA,NA,NA,NA,NA,NA,NA,NA,NA,NA,NA,NA,NA,NA,NA
4906,Sargocentron punctatissimum,NA,NA,NA,NA,NA,NA,NA,NA,NA,NA,NA,NA,NA,NA,NA,NA,NA,NA,NA,NA,NA,NA,NA,NA,NA,NA,NA,NA,NA,NA,NA,NA,NA,NA
6507,Sargocentron spiniferum,NA,NA,NA,NA,NA,NA,NA,NA,NA,NA,NA,NA,NA,NA,NA,NA,NA,NA,NA,NA,NA,NA,NA,NA,NA,NA,NA,NA,NA,NA,NA,NA,NA,NA
4908,Sargocentron tiere,NA,NA,NA,NA,NA,NA,NA,NA,NA,NA,NA,NA,NA,NA,NA,NA,NA,NA,NA,NA,NA,NA,NA,NA,NA,NA,NA,NA,NA,NA,NA,NA,NA,NA
4534,Saurida gracilis,NA,NA,NA,NA,NA,NA,NA,NA,NA,NA,NA,NA,NA,NA,NA,NA,NA,NA,NA,NA,NA,NA,NA,NA,NA,NA,NA,NA,NA,NA,NA,NA,NA,NA
5540,Scarus altipinnis,NA,NA,NA,NA,NA,NA,NA,NA,NA,NA,NA,NA,NA,NA,NA,NA,NA,NA,NA,NA,NA,NA,NA,NA,NA,NA,NA,NA,NA,NA,NA,NA,NA,NA
5545,Scarus forsteni,NA,NA,NA,NA,NA,NA,NA,NA,NA,NA,NA,NA,NA,NA,NA,NA,NA,NA,NA,NA,NA,NA,NA,NA,NA,NA,NA,NA,NA,NA,NA,NA,NA,NA
5546,Scarus frenatus,6068,5836,34166,unsexed,NA,NA,NA,NA,NA,NA,NA,NA,NA,NA,17,NA,TL,34166,NA,NA,NA,NA,NA,Asia-Pacific Region,NA,NA,NA,393,2007-12-31T00:00:00Z,NA,2007-12-31T00:00:00Z,NA,NA,NA
5548,Scarus ghobban,6069,5838,34166,unsexed,NA,NA,NA,NA,NA,NA,NA,NA,NA,NA,49,NA,TL,34166,NA,NA,NA,NA,NA,Asia-Pacific Region,NA,NA,NA,393,2007-12-31T00:00:00Z,NA,2007-12-31T00:00:00Z,NA,NA,NA
5548,Scarus ghobban,4972,5838,55367,unsexed,NA,NA,NA,2,NA,NA,NA,NA,NA,NA,NA,NA,NA,NA,NA,NA,NA,NA,NA,to be filled,690,NA,NA,2,2005-09-16T00:00:00Z,NA,2005-09-16T00:00:00Z,NA,NA,NA
4970,Scarus globiceps,NA,NA,NA,NA,NA,NA,NA,NA,NA,NA,NA,NA,NA,NA,NA,NA,NA,NA,NA,NA,NA,NA,NA,NA,NA,NA,NA,NA,NA,NA,NA,NA,NA,NA
5550,Scarus niger,NA,NA,NA,NA,NA,NA,NA,NA,NA,NA,NA,NA,NA,NA,NA,NA,NA,NA,NA,NA,NA,NA,NA,NA,NA,NA,NA,NA,NA,NA,NA,NA,NA,NA
5551,Scarus oviceps,NA,NA,NA,NA,NA,NA,NA,NA,NA,NA,NA,NA,NA,NA,NA,NA,NA,NA,NA,NA,NA,NA,NA,NA,NA,NA,NA,NA,NA,NA,NA,NA,NA,NA
5553,Scarus psittacus,4172,5843,48600,unsexed,NA,NA,NA,NA,NA,NA,NA,NA,NA,NA,10.5,14.8,TL,48600,NA,NA,NA,NA,NA,"Lakshadweep lagoons, 1993-97",356,NA,NA,3,2003-09-24T00:00:00Z,NA,2003-09-24T00:00:00Z,NA,NA,NA
5555,Scarus rubroviolaceus,4973,5845,55367,unsexed,NA,NA,NA,4,NA,NA,NA,NA,NA,NA,NA,NA,NA,NA,NA,NA,NA,NA,NA,to be filled,690,NA,NA,2,2005-09-19T00:00:00Z,NA,2005-09-19T00:00:00Z,NA,NA,NA
4975,Scarus schlegeli,NA,NA,NA,NA,NA,NA,NA,NA,NA,NA,NA,NA,NA,NA,NA,NA,NA,NA,NA,NA,NA,NA,NA,NA,NA,NA,NA,NA,NA,NA,NA,NA,NA,NA
6438,Scarus tricolor,NA,NA,NA,NA,NA,NA,NA,NA,NA,NA,NA,NA,NA,NA,NA,NA,NA,NA,NA,NA,NA,NA,NA,NA,NA,NA,NA,NA,NA,NA,NA,NA,NA,NA
1951,Scomberoides lysan,NA,NA,NA,NA,NA,NA,NA,NA,NA,NA,NA,NA,NA,NA,NA,NA,NA,NA,NA,NA,NA,NA,NA,NA,NA,NA,NA,NA,NA,NA,NA,NA,NA,NA
4921,Scorpaenopsis diabolus,NA,NA,NA,NA,NA,NA,NA,NA,NA,NA,NA,NA,NA,NA,NA,NA,NA,NA,NA,NA,NA,NA,NA,NA,NA,NA,NA,NA,NA,NA,NA,NA,NA,NA
56815,Scorpaenopsis papuensis,NA,NA,NA,NA,NA,NA,NA,NA,NA,NA,NA,NA,NA,NA,NA,NA,NA,NA,NA,NA,NA,NA,NA,NA,NA,NA,NA,NA,NA,NA,NA,NA,NA,NA
7450,Scuticaria tigrina,NA,NA,NA,NA,NA,NA,NA,NA,NA,NA,NA,NA,NA,NA,NA,NA,NA,NA,NA,NA,NA,NA,NA,NA,NA,NA,NA,NA,NA,NA,NA,NA,NA,NA
16869,Sebastapistes tinkhami,NA,NA,NA,NA,NA,NA,NA,NA,NA,NA,NA,NA,NA,NA,NA,NA,NA,NA,NA,NA,NA,NA,NA,NA,NA,NA,NA,NA,NA,NA,NA,NA,NA,NA
4614,Siganus argenteus,3621,4801,37816,unsexed,1,NA,37816,NA,NA,NA,NA,NA,NA,NA,20,NA,SL,37816,NA,NA,NA,NA,NA,no locality given,583,NA,NA,2,2001-12-13T00:00:00Z,NA,2001-12-13T00:00:00Z,NA,NA,NA
4457,Siganus spinus,NA,NA,NA,NA,NA,NA,NA,NA,NA,NA,NA,NA,NA,NA,NA,NA,NA,NA,NA,NA,NA,NA,NA,NA,NA,NA,NA,NA,NA,NA,NA,NA,NA,NA
1235,Sphyraena barracuda,3540,1251,240,male,2,NA,240,NA,NA,NA,NA,NA,NA,NA,NA,NA,NA,NA,NA,NA,NA,NA,NA,Florida,840,NA,NA,2,2001-11-23T00:00:00Z,NA,2001-11-23T00:00:00Z,NA,NA,NA
1235,Sphyraena barracuda,1342,1251,26409,female,4,NA,240,NA,NA,NA,NA,NA,NA,NA,58,NA,FL,1277,66,NA,NA,NA,NA,Florida,840,NA,NA,3,1998-04-23T00:00:00Z,2,2001-11-23T00:00:00Z,NA,NA,NA
1235,Sphyraena barracuda,5768,1251,58350,unsexed,NA,NA,NA,NA,NA,NA,NA,NA,NA,NA,NA,NA,SL,58350,60,NA,NA,NA,NA,southern African estuaries,710,NA,NA,2,2007-05-30T00:00:00Z,NA,2007-05-30T00:00:00Z,NA,NA,NA
7939,Sphyraena qenie,NA,NA,NA,NA,NA,NA,NA,NA,NA,NA,NA,NA,NA,NA,NA,NA,NA,NA,NA,NA,NA,NA,NA,NA,NA,NA,NA,NA,NA,NA,NA,NA,NA,NA
4340,Stegastes albifasciatus,NA,NA,NA,NA,NA,NA,NA,NA,NA,NA,NA,NA,NA,NA,NA,NA,NA,NA,NA,NA,NA,NA,NA,NA,NA,NA,NA,NA,NA,NA,NA,NA,NA,NA
4347,Stegastes fasciolatus,NA,NA,NA,NA,NA,NA,NA,NA,NA,NA,NA,NA,NA,NA,NA,NA,NA,NA,NA,NA,NA,NA,NA,NA,NA,NA,NA,NA,NA,NA,NA,NA,NA,NA
4352,Stegastes nigricans,NA,NA,NA,NA,NA,NA,NA,NA,NA,NA,NA,NA,NA,NA,NA,NA,NA,NA,NA,NA,NA,NA,NA,NA,NA,NA,NA,NA,NA,NA,NA,NA,NA,NA
4351,Stegastes punctatus,NA,NA,NA,NA,NA,NA,NA,NA,NA,NA,NA,NA,NA,NA,NA,NA,NA,NA,NA,NA,NA,NA,NA,NA,NA,NA,NA,NA,NA,NA,NA,NA,NA,NA
5640,Stethojulis bandanensis,NA,NA,NA,NA,NA,NA,NA,NA,NA,NA,NA,NA,NA,NA,NA,NA,NA,NA,NA,NA,NA,NA,NA,NA,NA,NA,NA,NA,NA,NA,NA,NA,NA,NA
6029,Sufflamen bursa,NA,NA,NA,NA,NA,NA,NA,NA,NA,NA,NA,NA,NA,NA,NA,NA,NA,NA,NA,NA,NA,NA,NA,NA,NA,NA,NA,NA,NA,NA,NA,NA,NA,NA
5842,Sufflamen chrysopterum,NA,NA,NA,NA,NA,NA,NA,NA,NA,NA,NA,NA,NA,NA,NA,NA,NA,NA,NA,NA,NA,NA,NA,NA,NA,NA,NA,NA,NA,NA,NA,NA,NA,NA
5825,Synanceia verrucosa,3929,6122,34166,unsexed,NA,NA,NA,NA,NA,NA,NA,NA,NA,NA,24,NA,TL,34166,NA,NA,NA,NA,NA,Asia-Pacific region,NA,NA,NA,2,2002-09-27T00:00:00Z,NA,2002-09-27T00:00:00Z,NA,NA,NA
7981,Neosynchiropus ocellatus,NA,NA,NA,NA,NA,NA,NA,NA,NA,NA,NA,NA,NA,NA,NA,NA,NA,NA,NA,NA,NA,NA,NA,NA,NA,NA,NA,NA,NA,NA,NA,NA,NA,NA
7292,Synodus binotatus,NA,NA,NA,NA,NA,NA,NA,NA,NA,NA,NA,NA,NA,NA,NA,NA,NA,NA,NA,NA,NA,NA,NA,NA,NA,NA,NA,NA,NA,NA,NA,NA,NA,NA
12620,Synodus dermatogenys,NA,NA,NA,NA,NA,NA,NA,NA,NA,NA,NA,NA,NA,NA,NA,NA,NA,NA,NA,NA,NA,NA,NA,NA,NA,NA,NA,NA,NA,NA,NA,NA,NA,NA
7943,Synodus jaculum,NA,NA,NA,NA,NA,NA,NA,NA,NA,NA,NA,NA,NA,NA,NA,NA,NA,NA,NA,NA,NA,NA,NA,NA,NA,NA,NA,NA,NA,NA,NA,NA,NA,NA
5398,Synodus variegatus,4199,5657,48600,unsexed,NA,NA,NA,NA,NA,NA,NA,NA,NA,NA,NA,NA,TL,48600,14,NA,NA,NA,NA,"Lakshadweep lagoons, 1993-97",356,NA,NA,3,2003-09-24T00:00:00Z,NA,2003-09-24T00:00:00Z,NA,NA,NA
5824,Taenianotus triacanthus,NA,NA,NA,NA,NA,NA,NA,NA,NA,NA,NA,NA,NA,NA,NA,NA,NA,NA,NA,NA,NA,NA,NA,NA,NA,NA,NA,NA,NA,NA,NA,NA,NA,NA
5642,Thalassoma amblycephalum,NA,NA,NA,NA,NA,NA,NA,NA,NA,NA,NA,NA,NA,NA,NA,NA,NA,NA,NA,NA,NA,NA,NA,NA,NA,NA,NA,NA,NA,NA,NA,NA,NA,NA
5643,Thalassoma hardwicke,4189,5937,48600,unsexed,NA,NA,NA,NA,NA,NA,NA,NA,NA,NA,NA,NA,TL,48600,8.5,NA,NA,NA,NA,"Lakshadweep lagoons, 1993-97",356,NA,NA,3,2003-09-24T00:00:00Z,NA,2003-09-24T00:00:00Z,NA,NA,NA
5646,Thalassoma lutescens,NA,NA,NA,NA,NA,NA,NA,NA,NA,NA,NA,NA,NA,NA,NA,NA,NA,NA,NA,NA,NA,NA,NA,NA,NA,NA,NA,NA,NA,NA,NA,NA,NA,NA
5647,Thalassoma purpureum,NA,NA,NA,NA,NA,NA,NA,NA,NA,NA,NA,NA,NA,NA,NA,NA,NA,NA,NA,NA,NA,NA,NA,NA,NA,NA,NA,NA,NA,NA,NA,NA,NA,NA
5648,Thalassoma quinquevittatum,NA,NA,NA,NA,NA,NA,NA,NA,NA,NA,NA,NA,NA,NA,NA,NA,NA,NA,NA,NA,NA,NA,NA,NA,NA,NA,NA,NA,NA,NA,NA,NA,NA,NA
5649,Thalassoma trilobatum,NA,NA,NA,NA,NA,NA,NA,NA,NA,NA,NA,NA,NA,NA,NA,NA,NA,NA,NA,NA,NA,NA,NA,NA,NA,NA,NA,NA,NA,NA,NA,NA,NA,NA
907,Triaenodon obesus,1220,923,244,female,NA,NA,NA,NA,NA,NA,NA,NA,NA,NA,105,109,TL,NA,NA,NA,NA,NA,NA,Pacific,NA,NA,NA,2,1994-04-12T00:00:00Z,NA,1994-04-12T00:00:00Z,NA,NA,NA
907,Triaenodon obesus,1221,923,244,male,NA,NA,NA,NA,NA,NA,NA,NA,NA,NA,104,105,TL,NA,NA,NA,NA,NA,NA,Pacific,NA,NA,NA,2,1994-04-12T00:00:00Z,NA,1994-04-12T00:00:00Z,NA,NA,NA
907,Triaenodon obesus,1222,923,244,unsexed,5,NA,6807,NA,NA,NA,NA,NA,NA,NA,100,NA,TL,28023,NA,NA,NA,NA,NA,Pacific,218A,NA,NA,2,1994-04-12T00:00:00Z,1,1999-02-22T00:00:00Z,NA,NA,NA
907,Triaenodon obesus,1223,923,31395,female,8,9,31395,8,NA,NA,NA,NA,NA,NA,NA,NA,NA,NA,NA,NA,NA,NA,NA,Not given.,NA,NA,NA,1,1999-10-04T00:00:00Z,NA,1999-10-04T00:00:00Z,NA,NA,NA
907,Triaenodon obesus,3343,923,37816,female,NA,NA,NA,NA,NA,NA,NA,NA,NA,NA,125,NA,TL,NA,NA,NA,NA,NA,NA,not specified,583,NA,NA,309,2001-05-02T00:00:00Z,NA,2001-05-02T00:00:00Z,NA,NA,NA
907,Triaenodon obesus,3342,923,37816,male,NA,NA,NA,NA,NA,NA,NA,NA,NA,NA,100,NA,TL,NA,NA,NA,NA,NA,NA,not specified,583,NA,NA,309,2001-05-02T00:00:00Z,NA,2001-05-02T00:00:00Z,NA,NA,NA
907,Triaenodon obesus,6445,923,58048,mixed,NA,NA,NA,NA,NA,NA,NA,NA,NA,NA,105,120,TL,NA,NA,NA,NA,NA,NA,not specified,360,NA,NA,1790,2008-02-15T02:09:48Z,NA,2008-02-15T02:09:48Z,NA,NA,NA
977,Tylosurus crocodilus,NA,NA,NA,NA,NA,NA,NA,NA,NA,NA,NA,NA,NA,NA,NA,NA,NA,NA,NA,NA,NA,NA,NA,NA,NA,NA,NA,NA,NA,NA,NA,NA,NA,NA
6575,Valenciennea strigata,NA,NA,NA,NA,NA,NA,NA,NA,NA,NA,NA,NA,NA,NA,NA,NA,NA,NA,NA,NA,NA,NA,NA,NA,NA,NA,NA,NA,NA,NA,NA,NA,NA,NA
6478,Variola albimarginata,6025,6800,34166,unsexed,NA,NA,NA,NA,NA,NA,NA,NA,NA,NA,67,NA,TL,34166,NA,NA,NA,NA,NA,Aisa-Pacific Region,NA,NA,NA,393,2007-12-28T00:00:00Z,NA,2007-12-28T00:00:00Z,NA,NA,NA
5354,Variola louti,6026,5593,34166,unsexed,NA,NA,NA,NA,NA,NA,NA,NA,NA,NA,41,NA,TL,34166,NA,NA,NA,NA,NA,Aisa-Pacific Region,NA,NA,NA,393,2007-12-28T00:00:00Z,NA,2007-12-28T00:00:00Z,NA,NA,NA
4870,Wetmorella nigropinnata,NA,NA,NA,NA,NA,NA,NA,NA,NA,NA,NA,NA,NA,NA,NA,NA,NA,NA,NA,NA,NA,NA,NA,NA,NA,NA,NA,NA,NA,NA,NA,NA,NA,NA
5950,Zanclus cornutus,NA,NA,NA,NA,NA,NA,NA,NA,NA,NA,NA,NA,NA,NA,NA,NA,NA,NA,NA,NA,NA,NA,NA,NA,NA,NA,NA,NA,NA,NA,NA,NA,NA,NA
6018,Zebrasoma flavescens,NA,NA,NA,NA,NA,NA,NA,NA,NA,NA,NA,NA,NA,NA,NA,NA,NA,NA,NA,NA,NA,NA,NA,NA,NA,NA,NA,NA,NA,NA,NA,NA,NA,NA
5951,Zebrasoma scopas,NA,NA,NA,NA,NA,NA,NA,NA,NA,NA,NA,NA,NA,NA,NA,NA,NA,NA,NA,NA,NA,NA,NA,NA,NA,NA,NA,NA,NA,NA,NA,NA,NA,NA
1266,Zebrasoma velifer,NA,NA,NA,NA,NA,NA,NA,NA,NA,NA,NA,NA,NA,NA,NA,NA,NA,NA,NA,NA,NA,NA,NA,NA,NA,NA,NA,NA,NA,NA,NA,NA,NA,NA
NA,NA,NA,NA,NA,NA,NA,NA,NA,NA,NA,NA,NA,NA,NA,NA,NA,NA,NA,NA,NA,NA,NA,NA,NA,NA,NA,NA,NA,NA,NA,NA,NA,NA,NA,NA
NA,NA,NA,NA,NA,NA,NA,NA,NA,NA,NA,NA,NA,NA,NA,NA,NA,NA,NA,NA,NA,NA,NA,NA,NA,NA,NA,NA,NA,NA,NA,NA,NA,NA,NA,NA
NA,NA,NA,NA,NA,NA,NA,NA,NA,NA,NA,NA,NA,NA,NA,NA,NA,NA,NA,NA,NA,NA,NA,NA,NA,NA,NA,NA,NA,NA,NA,NA,NA,NA,NA,NA
NA,NA,NA,NA,NA,NA,NA,NA,NA,NA,NA,NA,NA,NA,NA,NA,NA,NA,NA,NA,NA,NA,NA,NA,NA,NA,NA,NA,NA,NA,NA,NA,NA,NA,NA,NA
NA,NA,NA,NA,NA,NA,NA,NA,NA,NA,NA,NA,NA,NA,NA,NA,NA,NA,NA,NA,NA,NA,NA,NA,NA,NA,NA,NA,NA,NA,NA,NA,NA,NA,NA,NA
NA,NA,NA,NA,NA,NA,NA,NA,NA,NA,NA,NA,NA,NA,NA,NA,NA,NA,NA,NA,NA,NA,NA,NA,NA,NA,NA,NA,NA,NA,NA,NA,NA,NA,NA,NA
NA,NA,NA,NA,NA,NA,NA,NA,NA,NA,NA,NA,NA,NA,NA,NA,NA,NA,NA,NA,NA,NA,NA,NA,NA,NA,NA,NA,NA,NA,NA,NA,NA,NA,NA,NA
NA,NA,NA,NA,NA,NA,NA,NA,NA,NA,NA,NA,NA,NA,NA,NA,NA,NA,NA,NA,NA,NA,NA,NA,NA,NA,NA,NA,NA,NA,NA,NA,NA,NA,NA,NA
NA,NA,NA,NA,NA,NA,NA,NA,NA,NA,NA,NA,NA,NA,NA,NA,NA,NA,NA,NA,NA,NA,NA,NA,NA,NA,NA,NA,NA,NA,NA,NA,NA,NA,NA,NA
NA,NA,NA,NA,NA,NA,NA,NA,NA,NA,NA,NA,NA,NA,NA,NA,NA,NA,NA,NA,NA,NA,NA,NA,NA,NA,NA,NA,NA,NA,NA,NA,NA,NA,NA,NA
NA,NA,NA,NA,NA,NA,NA,NA,NA,NA,NA,NA,NA,NA,NA,NA,NA,NA,NA,NA,NA,NA,NA,NA,NA,NA,NA,NA,NA,NA,NA,NA,NA,NA,NA,NA
NA,NA,NA,NA,NA,NA,NA,NA,NA,NA,NA,NA,NA,NA,NA,NA,NA,NA,NA,NA,NA,NA,NA,NA,NA,NA,NA,NA,NA,NA,NA,NA,NA,NA,NA,NA
NA,NA,NA,NA,NA,NA,NA,NA,NA,NA,NA,NA,NA,NA,NA,NA,NA,NA,NA,NA,NA,NA,NA,NA,NA,NA,NA,NA,NA,NA,NA,NA,NA,NA,NA,NA
4404,Cirripectes variolosus,2181,4599,529,female,NA,NA,NA,NA,NA,NA,NA,NA,NA,NA,5.5,NA,SL,NA,NA,NA,NA,NA,NA,to be filled,NA,NA,Smallest mature female.,14,1991-08-05T00:00:00Z,NA,1994-09-28T00:00:00Z,NA,NA,NA
4404,Cirripectes variolosus,2182,4599,529,male,NA,NA,NA,NA,NA,NA,NA,NA,NA,NA,3.5,NA,SL,NA,NA,NA,NA,NA,NA,to be filled,NA,NA,NA,14,1991-08-05T00:00:00Z,NA,1994-09-28T00:00:00Z,NA,NA,NA
NA,NA,NA,NA,NA,NA,NA,NA,NA,NA,NA,NA,NA,NA,NA,NA,NA,NA,NA,NA,NA,NA,NA,NA,NA,NA,NA,NA,NA,NA,NA,NA,NA,NA,NA,NA
NA,NA,NA,NA,NA,NA,NA,NA,NA,NA,NA,NA,NA,NA,NA,NA,NA,NA,NA,NA,NA,NA,NA,NA,NA,NA,NA,NA,NA,NA,NA,NA,NA,NA,NA,NA
NA,NA,NA,NA,NA,NA,NA,NA,NA,NA,NA,NA,NA,NA,NA,NA,NA,NA,NA,NA,NA,NA,NA,NA,NA,NA,NA,NA,NA,NA,NA,NA,NA,NA,NA,NA
NA,NA,NA,NA,NA,NA,NA,NA,NA,NA,NA,NA,NA,NA,NA,NA,NA,NA,NA,NA,NA,NA,NA,NA,NA,NA,NA,NA,NA,NA,NA,NA,NA,NA,NA,NA
NA,NA,NA,NA,NA,NA,NA,NA,NA,NA,NA,NA,NA,NA,NA,NA,NA,NA,NA,NA,NA,NA,NA,NA,NA,NA,NA,NA,NA,NA,NA,NA,NA,NA,NA,NA
NA,NA,NA,NA,NA,NA,NA,NA,NA,NA,NA,NA,NA,NA,NA,NA,NA,NA,NA,NA,NA,NA,NA,NA,NA,NA,NA,NA,NA,NA,NA,NA,NA,NA,NA,NA
NA,NA,NA,NA,NA,NA,NA,NA,NA,NA,NA,NA,NA,NA,NA,NA,NA,NA,NA,NA,NA,NA,NA,NA,NA,NA,NA,NA,NA,NA,NA,NA,NA,NA,NA,NA
NA,NA,NA,NA,NA,NA,NA,NA,NA,NA,NA,NA,NA,NA,NA,NA,NA,NA,NA,NA,NA,NA,NA,NA,NA,NA,NA,NA,NA,NA,NA,NA,NA,NA,NA,NA
NA,NA,NA,NA,NA,NA,NA,NA,NA,NA,NA,NA,NA,NA,NA,NA,NA,NA,NA,NA,NA,NA,NA,NA,NA,NA,NA,NA,NA,NA,NA,NA,NA,NA,NA,NA
NA,NA,NA,NA,NA,NA,NA,NA,NA,NA,NA,NA,NA,NA,NA,NA,NA,NA,NA,NA,NA,NA,NA,NA,NA,NA,NA,NA,NA,NA,NA,NA,NA,NA,NA,NA
NA,NA,NA,NA,NA,NA,NA,NA,NA,NA,NA,NA,NA,NA,NA,NA,NA,NA,NA,NA,NA,NA,NA,NA,NA,NA,NA,NA,NA,NA,NA,NA,NA,NA,NA,NA
NA,NA,NA,NA,NA,NA,NA,NA,NA,NA,NA,NA,NA,NA,NA,NA,NA,NA,NA,NA,NA,NA,NA,NA,NA,NA,NA,NA,NA,NA,NA,NA,NA,NA,NA,NA
NA,NA,NA,NA,NA,NA,NA,NA,NA,NA,NA,NA,NA,NA,NA,NA,NA,NA,NA,NA,NA,NA,NA,NA,NA,NA,NA,NA,NA,NA,NA,NA,NA,NA,NA,NA
NA,NA,NA,NA,NA,NA,NA,NA,NA,NA,NA,NA,NA,NA,NA,NA,NA,NA,NA,NA,NA,NA,NA,NA,NA,NA,NA,NA,NA,NA,NA,NA,NA,NA,NA,NA
NA,NA,NA,NA,NA,NA,NA,NA,NA,NA,NA,NA,NA,NA,NA,NA,NA,NA,NA,NA,NA,NA,NA,NA,NA,NA,NA,NA,NA,NA,NA,NA,NA,NA,NA,NA
NA,NA,NA,NA,NA,NA,NA,NA,NA,NA,NA,NA,NA,NA,NA,NA,NA,NA,NA,NA,NA,NA,NA,NA,NA,NA,NA,NA,NA,NA,NA,NA,NA,NA,NA,NA
NA,NA,NA,NA,NA,NA,NA,NA,NA,NA,NA,NA,NA,NA,NA,NA,NA,NA,NA,NA,NA,NA,NA,NA,NA,NA,NA,NA,NA,NA,NA,NA,NA,NA,NA,NA
22462,Gobiodon quinquestrigatus,NA,NA,NA,NA,NA,NA,NA,NA,NA,NA,NA,NA,NA,NA,NA,NA,NA,NA,NA,NA,NA,NA,NA,NA,NA,NA,NA,NA,NA,NA,NA,NA,NA,NA
NA,NA,NA,NA,NA,NA,NA,NA,NA,NA,NA,NA,NA,NA,NA,NA,NA,NA,NA,NA,NA,NA,NA,NA,NA,NA,NA,NA,NA,NA,NA,NA,NA,NA,NA,NA
NA,NA,NA,NA,NA,NA,NA,NA,NA,NA,NA,NA,NA,NA,NA,NA,NA,NA,NA,NA,NA,NA,NA,NA,NA,NA,NA,NA,NA,NA,NA,NA,NA,NA,NA,NA
NA,NA,NA,NA,NA,NA,NA,NA,NA,NA,NA,NA,NA,NA,NA,NA,NA,NA,NA,NA,NA,NA,NA,NA,NA,NA,NA,NA,NA,NA,NA,NA,NA,NA,NA,NA
NA,NA,NA,NA,NA,NA,NA,NA,NA,NA,NA,NA,NA,NA,NA,NA,NA,NA,NA,NA,NA,NA,NA,NA,NA,NA,NA,NA,NA,NA,NA,NA,NA,NA,NA,NA
NA,NA,NA,NA,NA,NA,NA,NA,NA,NA,NA,NA,NA,NA,NA,NA,NA,NA,NA,NA,NA,NA,NA,NA,NA,NA,NA,NA,NA,NA,NA,NA,NA,NA,NA,NA
NA,NA,NA,NA,NA,NA,NA,NA,NA,NA,NA,NA,NA,NA,NA,NA,NA,NA,NA,NA,NA,NA,NA,NA,NA,NA,NA,NA,NA,NA,NA,NA,NA,NA,NA,NA
NA,NA,NA,NA,NA,NA,NA,NA,NA,NA,NA,NA,NA,NA,NA,NA,NA,NA,NA,NA,NA,NA,NA,NA,NA,NA,NA,NA,NA,NA,NA,NA,NA,NA,NA,NA
NA,NA,NA,NA,NA,NA,NA,NA,NA,NA,NA,NA,NA,NA,NA,NA,NA,NA,NA,NA,NA,NA,NA,NA,NA,NA,NA,NA,NA,NA,NA,NA,NA,NA,NA,NA
NA,NA,NA,NA,NA,NA,NA,NA,NA,NA,NA,NA,NA,NA,NA,NA,NA,NA,NA,NA,NA,NA,NA,NA,NA,NA,NA,NA,NA,NA,NA,NA,NA,NA,NA,NA
NA,NA,NA,NA,NA,NA,NA,NA,NA,NA,NA,NA,NA,NA,NA,NA,NA,NA,NA,NA,NA,NA,NA,NA,NA,NA,NA,NA,NA,NA,NA,NA,NA,NA,NA,NA
NA,NA,NA,NA,NA,NA,NA,NA,NA,NA,NA,NA,NA,NA,NA,NA,NA,NA,NA,NA,NA,NA,NA,NA,NA,NA,NA,NA,NA,NA,NA,NA,NA,NA,NA,NA
NA,NA,NA,NA,NA,NA,NA,NA,NA,NA,NA,NA,NA,NA,NA,NA,NA,NA,NA,NA,NA,NA,NA,NA,NA,NA,NA,NA,NA,NA,NA,NA,NA,NA,NA,NA
NA,NA,NA,NA,NA,NA,NA,NA,NA,NA,NA,NA,NA,NA,NA,NA,NA,NA,NA,NA,NA,NA,NA,NA,NA,NA,NA,NA,NA,NA,NA,NA,NA,NA,NA,NA
5618,Pseudocheilinus octotaenia,NA,NA,NA,NA,NA,NA,NA,NA,NA,NA,NA,NA,NA,NA,NA,NA,NA,NA,NA,NA,NA,NA,NA,NA,NA,NA,NA,NA,NA,NA,NA,NA,NA,NA
NA,NA,NA,NA,NA,NA,NA,NA,NA,NA,NA,NA,NA,NA,NA,NA,NA,NA,NA,NA,NA,NA,NA,NA,NA,NA,NA,NA,NA,NA,NA,NA,NA,NA,NA,NA
NA,NA,NA,NA,NA,NA,NA,NA,NA,NA,NA,NA,NA,NA,NA,NA,NA,NA,NA,NA,NA,NA,NA,NA,NA,NA,NA,NA,NA,NA,NA,NA,NA,NA,NA,NA
NA,NA,NA,NA,NA,NA,NA,NA,NA,NA,NA,NA,NA,NA,NA,NA,NA,NA,NA,NA,NA,NA,NA,NA,NA,NA,NA,NA,NA,NA,NA,NA,NA,NA,NA,NA
NA,NA,NA,NA,NA,NA,NA,NA,NA,NA,NA,NA,NA,NA,NA,NA,NA,NA,NA,NA,NA,NA,NA,NA,NA,NA,NA,NA,NA,NA,NA,NA,NA,NA,NA,NA
NA,NA,NA,NA,NA,NA,NA,NA,NA,NA,NA,NA,NA,NA,NA,NA,NA,NA,NA,NA,NA,NA,NA,NA,NA,NA,NA,NA,NA,NA,NA,NA,NA,NA,NA,NA
NA,NA,NA,NA,NA,NA,NA,NA,NA,NA,NA,NA,NA,NA,NA,NA,NA,NA,NA,NA,NA,NA,NA,NA,NA,NA,NA,NA,NA,NA,NA,NA,NA,NA,NA,NA
NA,NA,NA,NA,NA,NA,NA,NA,NA,NA,NA,NA,NA,NA,NA,NA,NA,NA,NA,NA,NA,NA,NA,NA,NA,NA,NA,NA,NA,NA,NA,NA,NA,NA,NA,NA
NA,NA,NA,NA,NA,NA,NA,NA,NA,NA,NA,NA,NA,NA,NA,NA,NA,NA,NA,NA,NA,NA,NA,NA,NA,NA,NA,NA,NA,NA,NA,NA,NA,NA,NA,NA
NA,NA,NA,NA,NA,NA,NA,NA,NA,NA,NA,NA,NA,NA,NA,NA,NA,NA,NA,NA,NA,NA,NA,NA,NA,NA,NA,NA,NA,NA,NA,NA,NA,NA,NA,NA
NA,NA,NA,NA,NA,NA,NA,NA,NA,NA,NA,NA,NA,NA,NA,NA,NA,NA,NA,NA,NA,NA,NA,NA,NA,NA,NA,NA,NA,NA,NA,NA,NA,NA,NA,NA
NA,NA,NA,NA,NA,NA,NA,NA,NA,NA,NA,NA,NA,NA,NA,NA,NA,NA,NA,NA,NA,NA,NA,NA,NA,NA,NA,NA,NA,NA,NA,NA,NA,NA,NA,NA
NA,NA,NA,NA,NA,NA,NA,NA,NA,NA,NA,NA,NA,NA,NA,NA,NA,NA,NA,NA,NA,NA,NA,NA,NA,NA,NA,NA,NA,NA,NA,NA,NA,NA,NA,NA
NA,NA,NA,NA,NA,NA,NA,NA,NA,NA,NA,NA,NA,NA,NA,NA,NA,NA,NA,NA,NA,NA,NA,NA,NA,NA,NA,NA,NA,NA,NA,NA,NA,NA,NA,NA
NA,NA,NA,NA,NA,NA,NA,NA,NA,NA,NA,NA,NA,NA,NA,NA,NA,NA,NA,NA,NA,NA,NA,NA,NA,NA,NA,NA,NA,NA,NA,NA,NA,NA,NA,NA
